Workbook

Sheet Tổng quát
A1: TỔNG QUÁT DANH SÁCH CÔNG TY / COMPANY LIST OVERVIEW
A2: Nguồn: Sheet1 (cột F "Loại", cột H "Trạng thái lấy mẫu captcha" = "Xong") / Source: Sheet1
A4: STT No. | B4: Loại Type | C4: Số công ty Companies | D4: Đã lấy mẫu captcha (Xong) Captcha sampled | E4: Chưa làm Not yet
A5: 1 | B5: Không có captcha | C5: 90 | D5: =COUNTIFS('Chi tiết'!$F$2:$F$1000,B5,'Chi tiết'!$I$2:$I$1000,"Xong") -> 0 | E5: =C5-D5 -> 90
A6: 2 | B6: có captcha | C6: =COUNTIF('Chi tiết'!$F$2:$F$1000,B6) -> 24 | D6: =COUNTIFS('Chi tiết'!$F$2:$F$1000,B6,'Chi tiết'!$I$2:$I$1000,"Xong") -> 23 | E6: =C6-D6 -> 1
A7: 3 | B7: captcha dạng tích | C7: =COUNTIF('Chi tiết'!$F$2:$F$1000,B7) -> 11 | D7: =COUNTIFS('Chi tiết'!$F$2:$F$1000,B7,'Chi tiết'!$I$2:$I$1000,"Xong") -> 0 | E7: =C7-D7 -> 11
A8: 4 | B8: domain không phân giải | C8: 5 | D8: =COUNTIFS('Chi tiết'!$F$2:$F$1000,B8,'Chi tiết'!$I$2:$I$1000,"Xong") -> 0 | E8: =C8-D8 -> 5
A9: 5 | B9: đăng nhập mới xem hóa đơn | C9: =COUNTIF('Chi tiết'!$F$2:$F$1000,B9) -> 1 | D9: =COUNTIFS('Chi tiết'!$F$2:$F$1000,B9,'Chi tiết'!$I$2:$I$1000,"Xong") -> 0 | E9: =C9-D9 -> 1
A10: 6 | B10: lỗi máy chủ | C10: =COUNTIF('Chi tiết'!$F$2:$F$1000,B10) -> 2 | D10: =COUNTIFS('Chi tiết'!$F$2:$F$1000,B10,'Chi tiết'!$I$2:$I$1000,"Xong") -> 0 | E10: =C10-D10 -> 2
A11: 7 | B11: dạng hình ảnh | C11: =COUNTIF('Chi tiết'!$F$2:$F$1000,B11) -> 1 | D11: =COUNTIFS('Chi tiết'!$F$2:$F$1000,B11,'Chi tiết'!$I$2:$I$1000,"Xong") -> 0 | E11: =C11-D11 -> 1
A12: 8 | B12: site đã đổi chủ (redirect sang sanmuasam.com) | C12: =COUNTIF('Chi tiết'!$F$2:$F$1000,B12) -> 1 | D12: =COUNTIFS('Chi tiết'!$F$2:$F$1000,B12,'Chi tiết'!$I$2:$I$1000,"Xong") -> 0 | E12: =C12-D12 -> 1
A13: 9 | B13: đọc xml | C13: =COUNTIF('Chi tiết'!$F$2:$F$1000,B13) -> 1 | D13: =COUNTIFS('Chi tiết'!$F$2:$F$1000,B13,'Chi tiết'!$I$2:$I$1000,"Xong") -> 0 | E13: =C13-D13 -> 1
A14: 10 | B14: site đã đổi chủ (redirect sang trang cờ bạc) | C14: =COUNTIF('Chi tiết'!$F$2:$F$1000,B14) -> 1 | D14: =COUNTIFS('Chi tiết'!$F$2:$F$1000,B14,'Chi tiết'!$I$2:$I$1000,"Xong") -> 0 | E14: =C14-D14 -> 1
A15: 11 | B15: site lỗi 503 | C15: =COUNTIF('Chi tiết'!$F$2:$F$1000,B15) -> 1 | D15: =COUNTIFS('Chi tiết'!$F$2:$F$1000,B15,'Chi tiết'!$I$2:$I$1000,"Xong") -> 0 | E15: =C15-D15 -> 1
B16: TỔNG / TOTAL | C16: =SUM(C5:C15) -> 138 | D16: =SUM(D5:D15) -> 23 | E16: =SUM(E5:E15) -> 115
B18: NHÓM CÓ CAPTCHA / CAPTCHA GROUP TRAINING AI
B19: Loại / Type | C19: Số công ty / Companies | D19: Đã làm / Done | E19: Tỷ lệ / %
B20: có captcha | C20: =COUNTIF('Chi tiết'!$F$2:$F$1000,B20) -> 24 | D20: 11 | E20: =IF(C20=0,0,D20/C20) -> 0.45833333
B21: captcha dạng tích | C21: =COUNTIF('Chi tiết'!$F$2:$F$1000,B21) -> 11 | D21: =COUNTIFS('Chi tiết'!$F$2:$F$1000,B21,'Chi tiết'!$I$2:$I$1000,"Xong") -> 0 | E21: =IF(C21=0,0,D21/C21) -> 0
B22: dạng hình ảnh | C22: =COUNTIF('Chi tiết'!$F$2:$F$1000,B22) -> 1 | D22: =COUNTIFS('Chi tiết'!$F$2:$F$1000,B22,'Chi tiết'!$I$2:$I$1000,"Xong") -> 0 | E22: =IF(C22=0,0,D22/C22) -> 0
B23: Tổng nhóm captcha / Group total | C23: =SUM(C20:C22) -> 36 | D23: =SUM(D20:D22) -> 11 | E23: =IF(C23=0,0,D23/C23) -> 0.30555556
B25: Ghi chú / Notes:
B26: "Không có captcha" và "không có captcha" (khác hoa/thường) được gộp làm một. / Case variants merged.
B27: Nhóm captcha giả định gồm: có captcha, captcha dạng tích, dạng hình ảnh. / Assumed captcha group.
B28: Đối chiếu tổng số dòng Sheet1 (cột B): | E28: =COUNTA('Chi tiết'!$B$2:$B$1000) -> 138
B30: KHẢO SÁT FORM TRA CỨU HÓA ĐƠN / LOOKUP FORM SURVEY
B31: Nguồn: sheet 'Chi tiết' cột M–AB (khảo sát 14/10/2026, ✓ = tham số của form tra cứu mặc định). Số liệu là công thức, tự cập nhật.
B33: 1. Trạng thái kiểm tra form / Check status
B34: Trạng thái / Status | C34: Số công ty / Companies | D34: Tỷ lệ / %
A35: 1 | B35: OK | C35: =COUNTIF('Chi tiết'!$N$2:$N$1000,B35) -> 106 | D35: =IF($C$40=0,0,C35/$C$40) -> 0.9380531
A36: 2 | B36: Cần đăng nhập | C36: =COUNTIF('Chi tiết'!$N$2:$N$1000,B36) -> 4 | D36: =IF($C$40=0,0,C36/$C$40) -> 0.03539823
A37: 3 | B37: Site chết | C37: =COUNTIF('Chi tiết'!$N$2:$N$1000,B37) -> 0 | D37: =IF($C$40=0,0,C37/$C$40) -> 0
A38: 4 | B38: Site lỗi | C38: =COUNTIF('Chi tiết'!$N$2:$N$1000,B38) -> 2 | D38: =IF($C$40=0,0,C38/$C$40) -> 0.017699115
A39: 5 | B39: Không xác định | C39: =COUNTIF('Chi tiết'!$N$2:$N$1000,B39) -> 1 | D39: =IF($C$40=0,0,C39/$C$40) -> 0.0088495575
B40: Tổng đã kiểm tra / Checked | C40: =SUM(C35:C39) -> 113 | D40: =IF(C40=0,0,1) -> 1
B42: 2. Tham số form yêu cầu (trên các site OK) / Required inputs
B43: Tham số / Input | C43: Số công ty / Companies | D43: Tỷ lệ trên site OK / % of OK
A44: 1 | B44: Mã tra cứu | C44: =COUNTIFS('Chi tiết'!$N$2:$N$1000,"OK",'Chi tiết'!$O$2:$O$1000,"✓") -> 104 | D44: =IF($C$35=0,0,C44/$C$35) -> 0.98113208
A45: 2 | B45: MST người bán | C45: =COUNTIFS('Chi tiết'!$N$2:$N$1000,"OK",'Chi tiết'!$P$2:$P$1000,"✓") -> 25 | D45: =IF($C$35=0,0,C45/$C$35) -> 0.23584906
A46: 3 | B46: MST người mua | C46: =COUNTIFS('Chi tiết'!$N$2:$N$1000,"OK",'Chi tiết'!$Q$2:$Q$1000,"✓") -> 1 | D46: =IF($C$35=0,0,C46/$C$35) -> 0.0094339623
A47: 4 | B47: Mẫu số / Ký hiệu | C47: =COUNTIFS('Chi tiết'!$N$2:$N$1000,"OK",'Chi tiết'!$R$2:$R$1000,"✓") -> 2 | D47: =IF($C$35=0,0,C47/$C$35) -> 0.018867925
A48: 5 | B48: Số HĐ | C48: =COUNTIFS('Chi tiết'!$N$2:$N$1000,"OK",'Chi tiết'!$S$2:$S$1000,"✓") -> 4 | D48: =IF($C$35=0,0,C48/$C$35) -> 0.037735849
A49: 6 | B49: Ngày lập | C49: =COUNTIFS('Chi tiết'!$N$2:$N$1000,"OK",'Chi tiết'!$T$2:$T$1000,"✓") -> 3 | D49: =IF($C$35=0,0,C49/$C$35) -> 0.028301887
A50: 7 | B50: Tổng tiền | C50: =COUNTIFS('Chi tiết'!$N$2:$N$1000,"OK",'Chi tiết'!$U$2:$U$1000,"✓") -> 1 | D50: =IF($C$35=0,0,C50/$C$35) -> 0.0094339623
A51: 8 | B51: Mã CQT | C51: =COUNTIFS('Chi tiết'!$N$2:$N$1000,"OK",'Chi tiết'!$V$2:$V$1000,"✓") -> 1 | D51: =IF($C$35=0,0,C51/$C$35) -> 0.0094339623
A52: 9 | B52: Upload XML | C52: =COUNTIFS('Chi tiết'!$N$2:$N$1000,"OK",'Chi tiết'!$W$2:$W$1000,"✓") -> 1 | D52: =IF($C$35=0,0,C52/$C$35) -> 0.0094339623
A53: 10 | B53: Captcha ảnh | C53: =COUNTIFS('Chi tiết'!$N$2:$N$1000,"OK",'Chi tiết'!$X$2:$X$1000,"✓") -> 24 | D53: =IF($C$35=0,0,C53/$C$35) -> 0.22641509
A54: 11 | B54: Captcha dạng tích | C54: =COUNTIFS('Chi tiết'!$N$2:$N$1000,"OK",'Chi tiết'!$Y$2:$Y$1000,"✓") -> 12 | D54: =IF($C$35=0,0,C54/$C$35) -> 0.11320755
A55: 12 | B55: Captcha khác (slider/hình) | C55: =COUNTIFS('Chi tiết'!$N$2:$N$1000,"OK",'Chi tiết'!$Z$2:$Z$1000,"✓") -> 2 | D55: =IF($C$35=0,0,C55/$C$35) -> 0.018867925
A56: 13 | B56: Đăng nhập | C56: =COUNTIFS('Chi tiết'!$N$2:$N$1000,"OK",'Chi tiết'!$AA$2:$AA$1000,"✓") -> 0 | D56: =IF($C$35=0,0,C56/$C$35) -> 0
A57: 14 | B57: Email/SĐT/OTP | C57: =COUNTIFS('Chi tiết'!$N$2:$N$1000,"OK",'Chi tiết'!$AB$2:$AB$1000,"✓") -> 0 | D57: =IF($C$35=0,0,C57/$C$35) -> 0
B59: 3. Số tham số phải nhập (kể cả captcha) / Number of inputs
B60: Số tham số / Inputs | C60: Số công ty / Companies | D60: Tỷ lệ / %
A61: 1 | B61: 1 tham số | C61: =COUNTIFS('Chi tiết'!$N$2:$N$1000,"OK",'Chi tiết'!$AC$2:$AC$1000,1) -> 50 | D61: =IF($C$35=0,0,C61/$C$35) -> 0.47169811
A62: 2 | B62: 2 tham số | C62: =COUNTIFS('Chi tiết'!$N$2:$N$1000,"OK",'Chi tiết'!$AC$2:$AC$1000,2) -> 43 | D62: =IF($C$35=0,0,C62/$C$35) -> 0.40566038
A63: 3 | B63: 3 tham số | C63: =COUNTIFS('Chi tiết'!$N$2:$N$1000,"OK",'Chi tiết'!$AC$2:$AC$1000,3) -> 9 | D63: =IF($C$35=0,0,C63/$C$35) -> 0.08490566
A64: 4 | B64: 4 tham số | C64: =COUNTIFS('Chi tiết'!$N$2:$N$1000,"OK",'Chi tiết'!$AC$2:$AC$1000,4) -> 3 | D64: =IF($C$35=0,0,C64/$C$35) -> 0.028301887
A65: 5 | B65: ≥ 5 tham số | C65: =COUNTIFS('Chi tiết'!$N$2:$N$1000,"OK",'Chi tiết'!$AC$2:$AC$1000,">=5") -> 1 | D65: =IF($C$35=0,0,C65/$C$35) -> 0.0094339623
B66: Tổng / Total | C66: =SUM(C61:C65) -> 106
B68: 4. Các kiểu tra cứu (đủ mọi tổ hợp tham số) / All lookup patterns
B69: Cần nhập / Inputs | C69: Số công ty / Companies | D69: Tỷ lệ / % | E69: Công ty / Companies
A70: 1 | B70: Mã tra cứu | C70: =COUNTIFS('Chi tiết'!$N$2:$N$1000,"OK",'Chi tiết'!$O$2:$O$1000,"✓",'Chi tiết'!$AC$2:$AC$1000,1) -> 49 | D70: =IF($C$35=0,0,C70/$C$35) -> 0.46226415 | E70: 49 công ty — lọc ở sheet 'Chi tiết'
A71: 2 | B71: Mã tra cứu + Captcha ảnh | C71: =COUNTIFS('Chi tiết'!$N$2:$N$1000,"OK",'Chi tiết'!$O$2:$O$1000,"✓",'Chi tiết'!$X$2:$X$1000,"✓",'Chi tiết'!$AC$2:$AC$1000,2) -> 17 | D71: =IF($C$35=0,0,C71/$C$35) -> 0.16037736 | E71: 18 công ty — lọc ở sheet 'Chi tiết'
A72: 3 | B72: Mã tra cứu + MST người bán | C72: =COUNTIFS('Chi tiết'!$N$2:$N$1000,"OK",'Chi tiết'!$O$2:$O$1000,"✓",'Chi tiết'!$P$2:$P$1000,"✓",'Chi tiết'!$AC$2:$AC$1000,2) -> 15 | D72: =IF($C$35=0,0,C72/$C$35) -> 0.14150943 | E72: 15 công ty — lọc ở sheet 'Chi tiết'
A73: 4 | B73: Mã tra cứu + Captcha dạng tích | C73: =COUNTIFS('Chi tiết'!$N$2:$N$1000,"OK",'Chi tiết'!$O$2:$O$1000,"✓",'Chi tiết'!$Y$2:$Y$1000,"✓",'Chi tiết'!$AC$2:$AC$1000,2) -> 8 | D73: =IF($C$35=0,0,C73/$C$35) -> 0.075471698 | E73: 8 công ty — lọc ở sheet 'Chi tiết'
A74: 5 | B74: Mã tra cứu + MST người bán + Captcha ảnh | C74: =COUNTIFS('Chi tiết'!$N$2:$N$1000,"OK",'Chi tiết'!$O$2:$O$1000,"✓",'Chi tiết'!$P$2:$P$1000,"✓",'Chi tiết'!$X$2:$X$1000,"✓",'Chi tiết'!$AC$2:$AC$1000,3) -> 3 | D74: =IF($C$35=0,0,C74/$C$35) -> 0.028301887 | E74: Công ty Cổ phần Đầu tư công nghệ và thương mại Softdreams; Công ty TNHH Phát triển công nghệ Thái Sơn; Công ty Cổ phần phát triển phần mềm và công nghệ Bitware
A75: 6 | B75: Mã tra cứu + MST người bán + Captcha dạng tích | C75: =COUNTIFS('Chi tiết'!$N$2:$N$1000,"OK",'Chi tiết'!$O$2:$O$1000,"✓",'Chi tiết'!$P$2:$P$1000,"✓",'Chi tiết'!$Y$2:$Y$1000,"✓",'Chi tiết'!$AC$2:$AC$1000,3) -> 2 | D75: =IF($C$35=0,0,C75/$C$35) -> 0.018867925 | E75: Công ty TNHH Máy tính và truyền thông công nghệ kết nối; Công ty TNHH ACCONLINE.VN
A76: 7 | B76: Mã tra cứu + MST người bán + Ngày lập + Captcha ảnh | C76: =COUNTIFS('Chi tiết'!$N$2:$N$1000,"OK",'Chi tiết'!$O$2:$O$1000,"✓",'Chi tiết'!$P$2:$P$1000,"✓",'Chi tiết'!$T$2:$T$1000,"✓",'Chi tiết'!$X$2:$X$1000,"✓",'Chi tiết'!$AC$2:$AC$1000,4) -> 2 | D76: =IF($C$35=0,0,C76/$C$35) -> 0.018867925 | E76: Công ty Cổ phần Giải pháp hóa đơn điện tử Việt Nam; Công ty Cổ phần tích hợp công nghệ VNISC
A77: 8 | B77: Upload XML | C77: =COUNTIFS('Chi tiết'!$N$2:$N$1000,"OK",'Chi tiết'!$W$2:$W$1000,"✓",'Chi tiết'!$AC$2:$AC$1000,1) -> 1 | D77: =IF($C$35=0,0,C77/$C$35) -> 0.0094339623 | E77: Công ty Cổ phần công nghệ San Phú
A78: 9 | B78: Mã tra cứu + Captcha khác (slider/hình) | C78: =COUNTIFS('Chi tiết'!$N$2:$N$1000,"OK",'Chi tiết'!$O$2:$O$1000,"✓",'Chi tiết'!$Z$2:$Z$1000,"✓",'Chi tiết'!$AC$2:$AC$1000,2) -> 1 | D78: =IF($C$35=0,0,C78/$C$35) -> 0.0094339623 | E78: Tổng Công ty Bưu điện Việt Nam
A79: 10 | B79: Mã tra cứu + MST người mua | C79: =COUNTIFS('Chi tiết'!$N$2:$N$1000,"OK",'Chi tiết'!$O$2:$O$1000,"✓",'Chi tiết'!$Q$2:$Q$1000,"✓",'Chi tiết'!$AC$2:$AC$1000,2) -> 1 | D79: =IF($C$35=0,0,C79/$C$35) -> 0.0094339623 | E79: Công ty TNHH Soft Ware KK VAT
A80: 11 | B80: Mã tra cứu + Ngày lập | C80: =COUNTIFS('Chi tiết'!$N$2:$N$1000,"OK",'Chi tiết'!$O$2:$O$1000,"✓",'Chi tiết'!$T$2:$T$1000,"✓",'Chi tiết'!$AC$2:$AC$1000,2) -> 1 | D80: =IF($C$35=0,0,C80/$C$35) -> 0.0094339623 | E80: Công ty Cổ phần công nghệ VIETINFO
A81: 12 | B81: Mã tra cứu + MST người bán + Captcha khác (slider/hình) | C81: =COUNTIFS('Chi tiết'!$N$2:$N$1000,"OK",'Chi tiết'!$O$2:$O$1000,"✓",'Chi tiết'!$P$2:$P$1000,"✓",'Chi tiết'!$Z$2:$Z$1000,"✓",'Chi tiết'!$AC$2:$AC$1000,3) -> 1 | D81: =IF($C$35=0,0,C81/$C$35) -> 0.0094339623 | E81: Tập đoàn Công nghiệp - Viễn thông quân đội
A82: 13 | B82: Mã tra cứu + MST người bán + Số HĐ | C82: =COUNTIFS('Chi tiết'!$N$2:$N$1000,"OK",'Chi tiết'!$O$2:$O$1000,"✓",'Chi tiết'!$P$2:$P$1000,"✓",'Chi tiết'!$S$2:$S$1000,"✓",'Chi tiết'!$AC$2:$AC$1000,3) -> 1 | D82: =IF($C$35=0,0,C82/$C$35) -> 0.0094339623 | E82: Công ty Cổ phần Giải pháp phần mềm 3A
A83: 14 | B83: Mã tra cứu + Mã CQT + Captcha ảnh | C83: =COUNTIFS('Chi tiết'!$N$2:$N$1000,"OK",'Chi tiết'!$O$2:$O$1000,"✓",'Chi tiết'!$V$2:$V$1000,"✓",'Chi tiết'!$X$2:$X$1000,"✓",'Chi tiết'!$AC$2:$AC$1000,3) -> 1 | D83: =IF($C$35=0,0,C83/$C$35) -> 0.0094339623 | E83: Tập Đoàn Bưu chính viễn thông Việt Nam
A84: 15 | B84: Mã tra cứu + Số HĐ + Captcha dạng tích | C84: =COUNTIFS('Chi tiết'!$N$2:$N$1000,"OK",'Chi tiết'!$O$2:$O$1000,"✓",'Chi tiết'!$S$2:$S$1000,"✓",'Chi tiết'!$Y$2:$Y$1000,"✓",'Chi tiết'!$AC$2:$AC$1000,3) -> 1 | D84: =IF($C$35=0,0,C84/$C$35) -> 0.0094339623 | E84: Công ty Cổ phần Công nghệ tin học EFY Việt Nam
A85: 16 | B85: Mã tra cứu + Mẫu số / Ký hiệu + Số HĐ + Captcha dạng tích | C85: =COUNTIFS('Chi tiết'!$N$2:$N$1000,"OK",'Chi tiết'!$O$2:$O$1000,"✓",'Chi tiết'!$R$2:$R$1000,"✓",'Chi tiết'!$S$2:$S$1000,"✓",'Chi tiết'!$Y$2:$Y$1000,"✓",'Chi tiết'!$AC$2:$AC$1000,4) -> 1 | D85: =IF($C$35=0,0,C85/$C$35) -> 0.0094339623 | E85: Công ty TNHH L.C.S
A86: 17 | B86: MST người bán + Mẫu số / Ký hiệu + Số HĐ + Tổng tiền + Captcha ảnh | C86: =COUNTIFS('Chi tiết'!$N$2:$N$1000,"OK",'Chi tiết'!$P$2:$P$1000,"✓",'Chi tiết'!$R$2:$R$1000,"✓",'Chi tiết'!$S$2:$S$1000,"✓",'Chi tiết'!$U$2:$U$1000,"✓",'Chi tiết'!$X$2:$X$1000,"✓",'Chi tiết'!$AC$2:$AC$1000,5) -> 1 | D86: =IF($C$35=0,0,C86/$C$35) -> 0.0094339623 | E86: Tỗng cục Thuế
B87: Tổng site OK / Total OK | C87: =SUM(C70:C86) -> 106
B89: 5. Khả năng tự động hóa / Automation feasibility
B90: Nhóm / Group | C90: Số công ty / Companies | D90: Tỷ lệ trên site đã kiểm / % of checked
A91: 1 | B91: Không captcha, không đăng nhập → làm adapter được | C91: =COUNTIFS('Chi tiết'!$N$2:$N$1000,"OK",'Chi tiết'!$X$2:$X$1000,"<>✓",'Chi tiết'!$Y$2:$Y$1000,"<>✓",'Chi tiết'!$Z$2:$Z$1000,"<>✓",'Chi tiết'!$AA$2:$AA$1000,"<>✓") -> 68 | D91: =IF($C$40=0,0,C91/$C$40) -> 0.60176991
A92: 2 | B92: Có captcha ảnh → cần model captcha | C92: =COUNTIFS('Chi tiết'!$N$2:$N$1000,"OK",'Chi tiết'!$X$2:$X$1000,"✓") -> 24 | D92: =IF($C$40=0,0,C92/$C$40) -> 0.21238938
A93: 3 | B93: Captcha dạng tích (reCAPTCHA v2 / Turnstile) → không tự động, lấy qua mail | C93: =COUNTIFS('Chi tiết'!$N$2:$N$1000,"OK",'Chi tiết'!$Y$2:$Y$1000,"✓") -> 12 | D93: =IF($C$40=0,0,C93/$C$40) -> 0.10619469
A94: 4 | B94: Captcha khác (slider / mã hiện sẵn) → xem từng site | C94: =COUNTIFS('Chi tiết'!$N$2:$N$1000,"OK",'Chi tiết'!$Z$2:$Z$1000,"✓") -> 2 | D94: =IF($C$40=0,0,C94/$C$40) -> 0.017699115
A95: 5 | B95: Cần đăng nhập / không có trang tra cứu công khai | C95: =COUNTIF('Chi tiết'!$N$2:$N$1000,"Cần đăng nhập") -> 4 | D95: =IF($C$40=0,0,C95/$C$40) -> 0.03539823
B97: Ghi chú: một site có thể thuộc nhiều nhóm ở bảng 5; reCAPTCHA v3 chạy ẩn không tính là 'dạng tích'.
B100: 6. Tiến độ theo WBS2 (tự cập nhật theo sheet WBS2) / Progress from WBS2
B101: Trạng thái / Status | C101: Training captcha | D101: PDF qua XML | E101: PDF qua mail
A102: 1 | B102: Hoàn thành | C102: =COUNTIF('WBS2'!$I$2:$I$25,"Hoàn thành") -> 15 | D102: =COUNTIF('WBS2'!$I$27:$I$162,"Hoàn thành") -> 29 | E102: =COUNTIF('WBS2'!$I$163:$I$298,"Hoàn thành") -> 32
A103: 2 | B103: Sẵn sàng (có adapter, chưa có HĐ thật) | C103: =COUNTIF('WBS2'!$I$2:$I$25,"Sẵn sàng") -> 0 | D103: =COUNTIF('WBS2'!$I$27:$I$162,"Sẵn sàng") -> 46 | E103: =COUNTIF('WBS2'!$I$163:$I$298,"Sẵn sàng") -> 44
A104: 3 | B104: Đang training | C104: =COUNTIF('WBS2'!$I$2:$I$25,"Đang training") -> 9 | D104: =COUNTIF('WBS2'!$I$27:$I$162,"Đang training") -> 0 | E104: =COUNTIF('WBS2'!$I$163:$I$298,"Đang training") -> 0
A105: 4 | B105: Chưa hoàn thành | C105: =COUNTIF('WBS2'!$I$2:$I$25,"Chưa hoàn thành") -> 0 | D105: =COUNTIF('WBS2'!$I$27:$I$162,"Chưa hoàn thành") -> 61 | E105: =COUNTIF('WBS2'!$I$163:$I$298,"Chưa hoàn thành") -> 60
A106: 5 | B106: – kế hoạch tháng 11/2026 | C106: =COUNTIFS('WBS2'!$I$2:$I$25,"Chưa hoàn thành",'WBS2'!$H$2:$H$25,">="&DATE(2026,11,1),'WBS2'!$H$2:$H$25,"<="&DATE(2026,11,30)) -> 0 | D106: =COUNTIFS('WBS2'!$I$27:$I$162,"Chưa hoàn thành",'WBS2'!$H$27:$H$162,">="&DATE(2026,11,1),'WBS2'!$H$27:$H$162,"<="&DATE(2026,11,30)) -> 0 | E106: =COUNTIFS('WBS2'!$I$163:$I$298,"Chưa hoàn thành",'WBS2'!$H$163:$H$298,">="&DATE(2026,11,1),'WBS2'!$H$163:$H$298,"<="&DATE(2026,11,30)) -> 0
A107: 6 | B107: – kế hoạch tháng 12/2026 | C107: =COUNTIFS('WBS2'!$I$2:$I$25,"Chưa hoàn thành",'WBS2'!$H$2:$H$25,">="&DATE(2026,12,1),'WBS2'!$H$2:$H$25,"<="&DATE(2026,12,31)) -> 0 | D107: =COUNTIFS('WBS2'!$I$27:$I$162,"Chưa hoàn thành",'WBS2'!$H$27:$H$162,">="&DATE(2026,12,1),'WBS2'!$H$27:$H$162,"<="&DATE(2026,12,31)) -> 0 | E107: =COUNTIFS('WBS2'!$I$163:$I$298,"Chưa hoàn thành",'WBS2'!$H$163:$H$298,">="&DATE(2026,12,1),'WBS2'!$H$163:$H$298,"<="&DATE(2026,12,31)) -> 0
B108: Tổng số NCC / Total | C108: =COUNTA('WBS2'!$E$2:$E$25) -> 24 | D108: =COUNTA('WBS2'!$E$27:$E$162) -> 136 | E108: =COUNTA('WBS2'!$E$163:$E$298) -> 136
B110: Ghi chú: dòng 'Chưa hoàn thành' chia theo To Date ở WBS2. Sheet 'Chi tiết' cột AJ–AP lấy Status/Kế hoạch/Ghi chú của từng NCC từ WBS2 theo MST.

Sheet Chi tiết
A1: STT | B1: Tên công ty | C1: Mã số thuế | D1: Địa chỉ | E1: Web | F1: Loại | G1: Link tra cứu nếu có | H1: Kiểu tra cứu (tổ hợp tham số) | I1: Trạng thái lấy mẫu captcha | K1: Train cho AI(%) | L1: Mã kích thước | N1: Kiểm tra form tra cứu | O1: Mã tra cứu | P1: MST người bán | Q1: MST người mua | R1: Mẫu số / Ký hiệu | S1: Số HĐ | T1: Ngày lập | U1: Tổng tiền | V1: Mã CQT | W1: Upload XML | X1: Captcha ảnh | Y1: Captcha dạng tích | Z1: Captcha khác (slider/hình) | AA1: Đăng nhập | AB1: Email/SĐT/OTP | AC1: Số tham số nhập | AD1: Captcha chi tiết | AE1: Cách tra khác | AF1: Ghi chú kiểm tra | AG1: URL form đã kiểm tra | AJ1: Training captcha (WBS2) | AK1: PDF qua XML – Status (WBS2) | AL1: PDF qua XML – Kế hoạch đến | AM1: PDF qua XML – Ghi chú (WBS2) | AN1: PDF qua mail – Status (WBS2) | AO1: PDF qua mail – Kế hoạch đến | AP1: PDF qua mail – Ghi chú (WBS2)
A2: 1 | B2: Công ty TNHH Công nghệ Vĩnh Hy | C2: 0314743623 | D2: 82 Đường 76, Phường 10, Quận 6, Tp Hồ Chí Minh | E2: http://ehoadondientu.com | F2: Không có captcha | G2: https://ehoadondientu.com/Tra-cuu | H2: =IF(N2<>"OK","",IF(IF(O2="✓","Mã tra cứu|","")&IF(P2="✓","MST người bán|","")&IF(Q2="✓","MST người mua|","")&IF(R2="✓","Mẫu số / Ký hiệu|","")&IF(S2="✓","Số HĐ|","")&IF(T2="✓","Ngày lập|","")&IF(U2="✓","Tổng tiền|","")&IF(V2="✓","Mã CQT|","")&IF(W2="✓","Upload XML|","")&IF(X2="✓","Captcha ảnh|","")&IF(Y2="✓","Captcha dạng tích|","")&IF(Z2="✓","Captcha khác (slider/hình)|","")&IF(AA2="✓","Đăng nhập|","")&IF(AB2="✓","Email/SĐT/OTP|","")="","(không có tham số)",SUBSTITUTE(LEFT(IF(O2="✓","Mã tra cứu|","")&IF(P2="✓","MST người bán|","")&IF(Q2="✓","MST người mua|","")&IF(R2="✓","Mẫu số / Ký hiệu|","")&IF(S2="✓","Số HĐ|","")&IF(T2="✓","Ngày lập|","")&IF(U2="✓","Tổng tiền|","")&IF(V2="✓","Mã CQT|","")&IF(W2="✓","Upload XML|","")&IF(X2="✓","Captcha ảnh|","")&IF(Y2="✓","Captcha dạng tích|","")&IF(Z2="✓","Captcha khác (slider/hình)|","")&IF(AA2="✓","Đăng nhập|","")&IF(AB2="✓","Email/SĐT/OTP|",""),LEN(IF(O2="✓","Mã tra cứu|","")&IF(P2="✓","MST người bán|","")&IF(Q2="✓","MST người mua|","")&IF(R2="✓","Mẫu số / Ký hiệu|","")&IF(S2="✓","Số HĐ|","")&IF(T2="✓","Ngày lập|","")&IF(U2="✓","Tổng tiền|","")&IF(V2="✓","Mã CQT|","")&IF(W2="✓","Upload XML|","")&IF(X2="✓","Captcha ảnh|","")&IF(Y2="✓","Captcha dạng tích|","")&IF(Z2="✓","Captcha khác (slider/hình)|","")&IF(AA2="✓","Đăng nhập|","")&IF(AB2="✓","Email/SĐT/OTP|",""))-1),"|"," + "))) -> Mã tra cứu | N2: OK | O2: ✓ | AC2: 1 | AD2: không có | AE2: Dropdown 'Mã số thuế': vẫn 1 ô 'Mã hóa đơn hoặc mst'; dropdown 'Chứng từ khấu trừ thuế': MST + ký hiệu + số + họ tên + thu nhập (chứng từ TNCN); link 'Tra cứu hóa đơn bằng tài khoản khách hàng' (đăng nhập) | AF2: 1 ô nhập chung 'Mã hóa đơn hoặc mst' + dropdown loại tra cứu; không captcha | AG2: https://ehoadondientu.com/Tra-cuu | AJ2: =IFERROR(IF(INDEX('WBS2'!$I$2:$I$25,MATCH($C2,'WBS2'!$F$2:$F$25,0))="","",INDEX('WBS2'!$I$2:$I$25,MATCH($C2,'WBS2'!$F$2:$F$25,0))),"") | AK2: =IFERROR(IF(INDEX('WBS2'!$I$27:$I$162,MATCH($C2,'WBS2'!$F$27:$F$162,0))="","",INDEX('WBS2'!$I$27:$I$162,MATCH($C2,'WBS2'!$F$27:$F$162,0))),"") -> Hoàn thành | AL2: =IFERROR(IF(OR($AK2="Chưa hoàn thành",$AK2="Sẵn sàng"),INDEX('WBS2'!$H$27:$H$162,MATCH($C2,'WBS2'!$F$27:$F$162,0)),""),"") | AM2: =IFERROR(IF(INDEX('WBS2'!$J$27:$J$162,MATCH($C2,'WBS2'!$F$27:$F$162,0))="","",INDEX('WBS2'!$J$27:$J$162,MATCH($C2,'WBS2'!$F$27:$F$162,0))),"") | AN2: =IFERROR(IF(INDEX('WBS2'!$I$163:$I$298,MATCH($C2,'WBS2'!$F$163:$F$298,0))="","",INDEX('WBS2'!$I$163:$I$298,MATCH($C2,'WBS2'!$F$163:$F$298,0))),"") -> Hoàn thành | AO2: =IFERROR(IF(OR($AN2="Chưa hoàn thành",$AN2="Sẵn sàng"),INDEX('WBS2'!$H$163:$H$298,MATCH($C2,'WBS2'!$F$163:$F$298,0)),""),"") | AP2: =IFERROR(IF(INDEX('WBS2'!$J$163:$J$298,MATCH($C2,'WBS2'!$F$163:$F$298,0))="","",INDEX('WBS2'!$J$163:$J$298,MATCH($C2,'WBS2'!$F$163:$F$298,0))),"")
A3: 2 | B3: Công ty TNHH Hệ thống thông tin FPT | C3: 0104128565 | D3: Tầng 22, tòa nhà Keangnam Landmark, E6 Phạm Hùng, quận Nam Từ Liêm, Tp Hà Nội | E3: https://einvoice.fpt.com.vn | F3: Không có captcha | G3: https://tracuuhoadon.fpt.com.vn/ | H3: =IF(N3<>"OK","",IF(IF(O3="✓","Mã tra cứu|","")&IF(P3="✓","MST người bán|","")&IF(Q3="✓","MST người mua|","")&IF(R3="✓","Mẫu số / Ký hiệu|","")&IF(S3="✓","Số HĐ|","")&IF(T3="✓","Ngày lập|","")&IF(U3="✓","Tổng tiền|","")&IF(V3="✓","Mã CQT|","")&IF(W3="✓","Upload XML|","")&IF(X3="✓","Captcha ảnh|","")&IF(Y3="✓","Captcha dạng tích|","")&IF(Z3="✓","Captcha khác (slider/hình)|","")&IF(AA3="✓","Đăng nhập|","")&IF(AB3="✓","Email/SĐT/OTP|","")="","(không có tham số)",SUBSTITUTE(LEFT(IF(O3="✓","Mã tra cứu|","")&IF(P3="✓","MST người bán|","")&IF(Q3="✓","MST người mua|","")&IF(R3="✓","Mẫu số / Ký hiệu|","")&IF(S3="✓","Số HĐ|","")&IF(T3="✓","Ngày lập|","")&IF(U3="✓","Tổng tiền|","")&IF(V3="✓","Mã CQT|","")&IF(W3="✓","Upload XML|","")&IF(X3="✓","Captcha ảnh|","")&IF(Y3="✓","Captcha dạng tích|","")&IF(Z3="✓","Captcha khác (slider/hình)|","")&IF(AA3="✓","Đăng nhập|","")&IF(AB3="✓","Email/SĐT/OTP|",""),LEN(IF(O3="✓","Mã tra cứu|","")&IF(P3="✓","MST người bán|","")&IF(Q3="✓","MST người mua|","")&IF(R3="✓","Mẫu số / Ký hiệu|","")&IF(S3="✓","Số HĐ|","")&IF(T3="✓","Ngày lập|","")&IF(U3="✓","Tổng tiền|","")&IF(V3="✓","Mã CQT|","")&IF(W3="✓","Upload XML|","")&IF(X3="✓","Captcha ảnh|","")&IF(Y3="✓","Captcha dạng tích|","")&IF(Z3="✓","Captcha khác (slider/hình)|","")&IF(AA3="✓","Đăng nhập|","")&IF(AB3="✓","Email/SĐT/OTP|",""))-1),"|"," + "))) -> Mã tra cứu + MST người bán | N3: OK | O3: ✓ | P3: ✓ | AC3: 2 | AD3: reCAPTCHA v3 ẩn (api.js?render=<key>, chỉ có badge, không có ô tích) | AE3: Tab 'Tra cứu nhiều HĐ': đăng nhập MST + tài khoản + mật khẩu; các tab khác: Chứng từ khấu trừ thuế, Đề nghị xuất HĐ, Công cụ, Biên bản, Bảng kê | AF3: SPA (Webix); MST bên bán + mã tra cứu | AG3: https://tracuuhoadon.fpt.com.vn/ | AJ3: =IFERROR(IF(INDEX('WBS2'!$I$2:$I$25,MATCH($C3,'WBS2'!$F$2:$F$25,0))="","",INDEX('WBS2'!$I$2:$I$25,MATCH($C3,'WBS2'!$F$2:$F$25,0))),"") | AK3: =IFERROR(IF(INDEX('WBS2'!$I$27:$I$162,MATCH($C3,'WBS2'!$F$27:$F$162,0))="","",INDEX('WBS2'!$I$27:$I$162,MATCH($C3,'WBS2'!$F$27:$F$162,0))),"") -> Chưa hoàn thành | AL3: =IFERROR(IF(OR($AK3="Chưa hoàn thành",$AK3="Sẵn sàng"),INDEX('WBS2'!$H$27:$H$162,MATCH($C3,'WBS2'!$F$27:$F$162,0)),""),"") -> 46446 | AM3: =IFERROR(IF(INDEX('WBS2'!$J$27:$J$162,MATCH($C3,'WBS2'!$F$27:$F$162,0))="","",INDEX('WBS2'!$J$27:$J$162,MATCH($C3,'WBS2'!$F$27:$F$162,0))),"") -> bị chặn bởi reCAPTCHA, lấy qua mail. dính reCAPTCHA v3 | AN3: =IFERROR(IF(INDEX('WBS2'!$I$163:$I$298,MATCH($C3,'WBS2'!$F$163:$F$298,0))="","",INDEX('WBS2'!$I$163:$I$298,MATCH($C3,'WBS2'!$F$163:$F$298,0))),"") -> Hoàn thành | AO3: =IFERROR(IF(OR($AN3="Chưa hoàn thành",$AN3="Sẵn sàng"),INDEX('WBS2'!$H$163:$H$298,MATCH($C3,'WBS2'!$F$163:$F$298,0)),""),"") | AP3: =IFERROR(IF(INDEX('WBS2'!$J$163:$J$298,MATCH($C3,'WBS2'!$F$163:$F$298,0))="","",INDEX('WBS2'!$J$163:$J$298,MATCH($C3,'WBS2'!$F$163:$F$298,0))),"")
A4: 3 | B4: Công ty Cổ phần Công nghệ tin học EFY Việt Nam | C4: 0102519041 | D4: Tầng 9, tòa nhà Sannam, số 78 phố Duy Tân, phường Dịch Vọng Hậu, quận Cầu Giấy, Tp Hà Nội | E4: https://ihoadon.vn | F4: captcha dạng tích | G4: https://ihoadon.vn/kiem-tra/?lang=vn | H4: =IF(N4<>"OK","",IF(IF(O4="✓","Mã tra cứu|","")&IF(P4="✓","MST người bán|","")&IF(Q4="✓","MST người mua|","")&IF(R4="✓","Mẫu số / Ký hiệu|","")&IF(S4="✓","Số HĐ|","")&IF(T4="✓","Ngày lập|","")&IF(U4="✓","Tổng tiền|","")&IF(V4="✓","Mã CQT|","")&IF(W4="✓","Upload XML|","")&IF(X4="✓","Captcha ảnh|","")&IF(Y4="✓","Captcha dạng tích|","")&IF(Z4="✓","Captcha khác (slider/hình)|","")&IF(AA4="✓","Đăng nhập|","")&IF(AB4="✓","Email/SĐT/OTP|","")="","(không có tham số)",SUBSTITUTE(LEFT(IF(O4="✓","Mã tra cứu|","")&IF(P4="✓","MST người bán|","")&IF(Q4="✓","MST người mua|","")&IF(R4="✓","Mẫu số / Ký hiệu|","")&IF(S4="✓","Số HĐ|","")&IF(T4="✓","Ngày lập|","")&IF(U4="✓","Tổng tiền|","")&IF(V4="✓","Mã CQT|","")&IF(W4="✓","Upload XML|","")&IF(X4="✓","Captcha ảnh|","")&IF(Y4="✓","Captcha dạng tích|","")&IF(Z4="✓","Captcha khác (slider/hình)|","")&IF(AA4="✓","Đăng nhập|","")&IF(AB4="✓","Email/SĐT/OTP|",""),LEN(IF(O4="✓","Mã tra cứu|","")&IF(P4="✓","MST người bán|","")&IF(Q4="✓","MST người mua|","")&IF(R4="✓","Mẫu số / Ký hiệu|","")&IF(S4="✓","Số HĐ|","")&IF(T4="✓","Ngày lập|","")&IF(U4="✓","Tổng tiền|","")&IF(V4="✓","Mã CQT|","")&IF(W4="✓","Upload XML|","")&IF(X4="✓","Captcha ảnh|","")&IF(Y4="✓","Captcha dạng tích|","")&IF(Z4="✓","Captcha khác (slider/hình)|","")&IF(AA4="✓","Đăng nhập|","")&IF(AB4="✓","Email/SĐT/OTP|",""))-1),"|"," + "))) -> Mã tra cứu + Số HĐ + Captcha dạng tích | N4: OK | O4: ✓ | S4: ✓ | Y4: ✓ | AC4: 3 | AD4: reCAPTCHA v2 checkbox (Enterprise) | AE4: Radio 'Từ file': upload file HĐ | AF4: AngularJS; ô 2 nhận 'mã tra cứu hoặc chuỗi xác thực hóa đơn' | AG4: https://ihoadon.vn/kiem-tra/?lang=vn | AJ4: =IFERROR(IF(INDEX('WBS2'!$I$2:$I$25,MATCH($C4,'WBS2'!$F$2:$F$25,0))="","",INDEX('WBS2'!$I$2:$I$25,MATCH($C4,'WBS2'!$F$2:$F$25,0))),"") | AK4: =IFERROR(IF(INDEX('WBS2'!$I$27:$I$162,MATCH($C4,'WBS2'!$F$27:$F$162,0))="","",INDEX('WBS2'!$I$27:$I$162,MATCH($C4,'WBS2'!$F$27:$F$162,0))),"") -> Chưa hoàn thành | AL4: =IFERROR(IF(OR($AK4="Chưa hoàn thành",$AK4="Sẵn sàng"),INDEX('WBS2'!$H$27:$H$162,MATCH($C4,'WBS2'!$F$27:$F$162,0)),""),"") -> 46446 | AM4: =IFERROR(IF(INDEX('WBS2'!$J$27:$J$162,MATCH($C4,'WBS2'!$F$27:$F$162,0))="","",INDEX('WBS2'!$J$27:$J$162,MATCH($C4,'WBS2'!$F$27:$F$162,0))),"") -> bị chặn bởi reCAPTCHA, lấy qua mail. dính reCAPTCHA v3 | AN4: =IFERROR(IF(INDEX('WBS2'!$I$163:$I$298,MATCH($C4,'WBS2'!$F$163:$F$298,0))="","",INDEX('WBS2'!$I$163:$I$298,MATCH($C4,'WBS2'!$F$163:$F$298,0))),"") -> Hoàn thành | AO4: =IFERROR(IF(OR($AN4="Chưa hoàn thành",$AN4="Sẵn sàng"),INDEX('WBS2'!$H$163:$H$298,MATCH($C4,'WBS2'!$F$163:$F$298,0)),""),"") | AP4: =IFERROR(IF(INDEX('WBS2'!$J$163:$J$298,MATCH($C4,'WBS2'!$F$163:$F$298,0))="","",INDEX('WBS2'!$J$163:$J$298,MATCH($C4,'WBS2'!$F$163:$F$298,0))),"")
A5: 4 | B5: Công ty Cổ phần Đầu tư công nghệ và thương mại Softdreams | C5: 0105987432 | D5: Số 7, ngách 97/1, ngõ 97 Chính Kinh, phường Nhân Chính, quận Thanh Xuân, Tp Hà Nội | E5: https://easyinvoice.vn | F5: có captcha | G5: https://tracuu.easyinvoice.vn/Captcha/Show | H5: =IF(N5<>"OK","",IF(IF(O5="✓","Mã tra cứu|","")&IF(P5="✓","MST người bán|","")&IF(Q5="✓","MST người mua|","")&IF(R5="✓","Mẫu số / Ký hiệu|","")&IF(S5="✓","Số HĐ|","")&IF(T5="✓","Ngày lập|","")&IF(U5="✓","Tổng tiền|","")&IF(V5="✓","Mã CQT|","")&IF(W5="✓","Upload XML|","")&IF(X5="✓","Captcha ảnh|","")&IF(Y5="✓","Captcha dạng tích|","")&IF(Z5="✓","Captcha khác (slider/hình)|","")&IF(AA5="✓","Đăng nhập|","")&IF(AB5="✓","Email/SĐT/OTP|","")="","(không có tham số)",SUBSTITUTE(LEFT(IF(O5="✓","Mã tra cứu|","")&IF(P5="✓","MST người bán|","")&IF(Q5="✓","MST người mua|","")&IF(R5="✓","Mẫu số / Ký hiệu|","")&IF(S5="✓","Số HĐ|","")&IF(T5="✓","Ngày lập|","")&IF(U5="✓","Tổng tiền|","")&IF(V5="✓","Mã CQT|","")&IF(W5="✓","Upload XML|","")&IF(X5="✓","Captcha ảnh|","")&IF(Y5="✓","Captcha dạng tích|","")&IF(Z5="✓","Captcha khác (slider/hình)|","")&IF(AA5="✓","Đăng nhập|","")&IF(AB5="✓","Email/SĐT/OTP|",""),LEN(IF(O5="✓","Mã tra cứu|","")&IF(P5="✓","MST người bán|","")&IF(Q5="✓","MST người mua|","")&IF(R5="✓","Mẫu số / Ký hiệu|","")&IF(S5="✓","Số HĐ|","")&IF(T5="✓","Ngày lập|","")&IF(U5="✓","Tổng tiền|","")&IF(V5="✓","Mã CQT|","")&IF(W5="✓","Upload XML|","")&IF(X5="✓","Captcha ảnh|","")&IF(Y5="✓","Captcha dạng tích|","")&IF(Z5="✓","Captcha khác (slider/hình)|","")&IF(AA5="✓","Đăng nhập|","")&IF(AB5="✓","Email/SĐT/OTP|",""))-1),"|"," + "))) -> Mã tra cứu + MST người bán + Captcha ảnh | I5: Xong | K5: 0.949 | L5: g_150x34 | M5: https://tracuu.easyinvoice.vn/Captcha/Show | N5: OK | O5: ✓ | P5: ✓ | X5: ✓ | AC5: 3 | AD5: ảnh 150x34 (/Captcha/Show) | AE5: Menu khác: tra cứu phiếu xuất kho, tra cứu chứng từ; đăng nhập | AF5: Link trong danh sách là ảnh captcha, form ở trang gốc tracuu.easyinvoice.vn; mã tra cứu = Fkey; project đã có adapter easyinvoice | AG5: https://tracuu.easyinvoice.vn/Search/Index | AJ5: =IFERROR(IF(INDEX('WBS2'!$I$2:$I$25,MATCH($C5,'WBS2'!$F$2:$F$25,0))="","",INDEX('WBS2'!$I$2:$I$25,MATCH($C5,'WBS2'!$F$2:$F$25,0))),"") -> Hoàn thành | AK5: =IFERROR(IF(INDEX('WBS2'!$I$27:$I$162,MATCH($C5,'WBS2'!$F$27:$F$162,0))="","",INDEX('WBS2'!$I$27:$I$162,MATCH($C5,'WBS2'!$F$27:$F$162,0))),"") -> Hoàn thành | AL5: =IFERROR(IF(OR($AK5="Chưa hoàn thành",$AK5="Sẵn sàng"),INDEX('WBS2'!$H$27:$H$162,MATCH($C5,'WBS2'!$F$27:$F$162,0)),""),"") | AM5: =IFERROR(IF(INDEX('WBS2'!$J$27:$J$162,MATCH($C5,'WBS2'!$F$27:$F$162,0))="","",INDEX('WBS2'!$J$27:$J$162,MATCH($C5,'WBS2'!$F$27:$F$162,0))),"") | AN5: =IFERROR(IF(INDEX('WBS2'!$I$163:$I$298,MATCH($C5,'WBS2'!$F$163:$F$298,0))="","",INDEX('WBS2'!$I$163:$I$298,MATCH($C5,'WBS2'!$F$163:$F$298,0))),"") -> Hoàn thành | AO5: =IFERROR(IF(OR($AN5="Chưa hoàn thành",$AN5="Sẵn sàng"),INDEX('WBS2'!$H$163:$H$298,MATCH($C5,'WBS2'!$F$163:$F$298,0)),""),"") | AP5: =IFERROR(IF(INDEX('WBS2'!$J$163:$J$298,MATCH($C5,'WBS2'!$F$163:$F$298,0))="","",INDEX('WBS2'!$J$163:$J$298,MATCH($C5,'WBS2'!$F$163:$F$298,0))),"")
A6: 5 | B6: Công ty TNHH L.C.S | C6: 0302999571 | D6: Số 102A, Bùi Minnh Trực, phường 6, quận 8, Tp Hồ Chí Minh | E6: https://einvoice.lcs.com.vn | F6: captcha dạng tích | G6: https://eip.lcssoft.com.vn/desktop/#/login | H6: =IF(N6<>"OK","",IF(IF(O6="✓","Mã tra cứu|","")&IF(P6="✓","MST người bán|","")&IF(Q6="✓","MST người mua|","")&IF(R6="✓","Mẫu số / Ký hiệu|","")&IF(S6="✓","Số HĐ|","")&IF(T6="✓","Ngày lập|","")&IF(U6="✓","Tổng tiền|","")&IF(V6="✓","Mã CQT|","")&IF(W6="✓","Upload XML|","")&IF(X6="✓","Captcha ảnh|","")&IF(Y6="✓","Captcha dạng tích|","")&IF(Z6="✓","Captcha khác (slider/hình)|","")&IF(AA6="✓","Đăng nhập|","")&IF(AB6="✓","Email/SĐT/OTP|","")="","(không có tham số)",SUBSTITUTE(LEFT(IF(O6="✓","Mã tra cứu|","")&IF(P6="✓","MST người bán|","")&IF(Q6="✓","MST người mua|","")&IF(R6="✓","Mẫu số / Ký hiệu|","")&IF(S6="✓","Số HĐ|","")&IF(T6="✓","Ngày lập|","")&IF(U6="✓","Tổng tiền|","")&IF(V6="✓","Mã CQT|","")&IF(W6="✓","Upload XML|","")&IF(X6="✓","Captcha ảnh|","")&IF(Y6="✓","Captcha dạng tích|","")&IF(Z6="✓","Captcha khác (slider/hình)|","")&IF(AA6="✓","Đăng nhập|","")&IF(AB6="✓","Email/SĐT/OTP|",""),LEN(IF(O6="✓","Mã tra cứu|","")&IF(P6="✓","MST người bán|","")&IF(Q6="✓","MST người mua|","")&IF(R6="✓","Mẫu số / Ký hiệu|","")&IF(S6="✓","Số HĐ|","")&IF(T6="✓","Ngày lập|","")&IF(U6="✓","Tổng tiền|","")&IF(V6="✓","Mã CQT|","")&IF(W6="✓","Upload XML|","")&IF(X6="✓","Captcha ảnh|","")&IF(Y6="✓","Captcha dạng tích|","")&IF(Z6="✓","Captcha khác (slider/hình)|","")&IF(AA6="✓","Đăng nhập|","")&IF(AB6="✓","Email/SĐT/OTP|",""))-1),"|"," + "))) -> Mã tra cứu + Mẫu số / Ký hiệu + Số HĐ + Captcha dạng tích | N6: OK | O6: ✓ | R6: ✓ | S6: ✓ | Y6: ✓ | AC6: 4 | AD6: reCAPTCHA v2 checkbox | AE6: Link 'Xác thực hóa đơn điện tử' (#/check-signature): upload file XML | AF6: SPA Angular Material; khung tra cứu (mẫu số + ký hiệu + số HĐ + mã hóa đơn) nằm cạnh khung đăng nhập, không cần đăng nhập | AG6: https://eip.lcssoft.com.vn/desktop/#/login | AJ6: =IFERROR(IF(INDEX('WBS2'!$I$2:$I$25,MATCH($C6,'WBS2'!$F$2:$F$25,0))="","",INDEX('WBS2'!$I$2:$I$25,MATCH($C6,'WBS2'!$F$2:$F$25,0))),"") | AK6: =IFERROR(IF(INDEX('WBS2'!$I$27:$I$162,MATCH($C6,'WBS2'!$F$27:$F$162,0))="","",INDEX('WBS2'!$I$27:$I$162,MATCH($C6,'WBS2'!$F$27:$F$162,0))),"") -> Chưa hoàn thành | AL6: =IFERROR(IF(OR($AK6="Chưa hoàn thành",$AK6="Sẵn sàng"),INDEX('WBS2'!$H$27:$H$162,MATCH($C6,'WBS2'!$F$27:$F$162,0)),""),"") -> 46446 | AM6: =IFERROR(IF(INDEX('WBS2'!$J$27:$J$162,MATCH($C6,'WBS2'!$F$27:$F$162,0))="","",INDEX('WBS2'!$J$27:$J$162,MATCH($C6,'WBS2'!$F$27:$F$162,0))),"") -> Không làm được qua link tra cứu – bị chặn bởi reCAPTCHA v2 (server kiểm), lấy qua mail. eip.lcssoft.com.vn | AN6: =IFERROR(IF(INDEX('WBS2'!$I$163:$I$298,MATCH($C6,'WBS2'!$F$163:$F$298,0))="","",INDEX('WBS2'!$I$163:$I$298,MATCH($C6,'WBS2'!$F$163:$F$298,0))),"") -> Chưa hoàn thành | AO6: =IFERROR(IF(OR($AN6="Chưa hoàn thành",$AN6="Sẵn sàng"),INDEX('WBS2'!$H$163:$H$298,MATCH($C6,'WBS2'!$F$163:$F$298,0)),""),"") -> 46446 | AP6: =IFERROR(IF(INDEX('WBS2'!$J$163:$J$298,MATCH($C6,'WBS2'!$F$163:$F$298,0))="","",INDEX('WBS2'!$J$163:$J$298,MATCH($C6,'WBS2'!$F$163:$F$298,0))),"") -> Chưa có mail/PDF nào của NCC này (kiểm DB 27/10)
A7: 6 | B7: Công ty TNHH Soft Ware KK VAT | C7: 0313963672 | D7: 101017/46A Lê Văn Lương, Ấp 3, Xã Phước Kiển, Huyện nhà Bè, Tp Hồ Chí Minh | E7: http://kkvat.com.vn/thongtin | F7: Không có captcha | G7: https://tracuuhoadon.kkvat.com.vn/ | H7: =IF(N7<>"OK","",IF(IF(O7="✓","Mã tra cứu|","")&IF(P7="✓","MST người bán|","")&IF(Q7="✓","MST người mua|","")&IF(R7="✓","Mẫu số / Ký hiệu|","")&IF(S7="✓","Số HĐ|","")&IF(T7="✓","Ngày lập|","")&IF(U7="✓","Tổng tiền|","")&IF(V7="✓","Mã CQT|","")&IF(W7="✓","Upload XML|","")&IF(X7="✓","Captcha ảnh|","")&IF(Y7="✓","Captcha dạng tích|","")&IF(Z7="✓","Captcha khác (slider/hình)|","")&IF(AA7="✓","Đăng nhập|","")&IF(AB7="✓","Email/SĐT/OTP|","")="","(không có tham số)",SUBSTITUTE(LEFT(IF(O7="✓","Mã tra cứu|","")&IF(P7="✓","MST người bán|","")&IF(Q7="✓","MST người mua|","")&IF(R7="✓","Mẫu số / Ký hiệu|","")&IF(S7="✓","Số HĐ|","")&IF(T7="✓","Ngày lập|","")&IF(U7="✓","Tổng tiền|","")&IF(V7="✓","Mã CQT|","")&IF(W7="✓","Upload XML|","")&IF(X7="✓","Captcha ảnh|","")&IF(Y7="✓","Captcha dạng tích|","")&IF(Z7="✓","Captcha khác (slider/hình)|","")&IF(AA7="✓","Đăng nhập|","")&IF(AB7="✓","Email/SĐT/OTP|",""),LEN(IF(O7="✓","Mã tra cứu|","")&IF(P7="✓","MST người bán|","")&IF(Q7="✓","MST người mua|","")&IF(R7="✓","Mẫu số / Ký hiệu|","")&IF(S7="✓","Số HĐ|","")&IF(T7="✓","Ngày lập|","")&IF(U7="✓","Tổng tiền|","")&IF(V7="✓","Mã CQT|","")&IF(W7="✓","Upload XML|","")&IF(X7="✓","Captcha ảnh|","")&IF(Y7="✓","Captcha dạng tích|","")&IF(Z7="✓","Captcha khác (slider/hình)|","")&IF(AA7="✓","Đăng nhập|","")&IF(AB7="✓","Email/SĐT/OTP|",""))-1),"|"," + "))) -> Mã tra cứu + MST người mua | N7: OK | O7: ✓ | Q7: ✓ | AC7: 2 | AD7: không có | AF7: Ô MST ghi 'Mã số thuế đơn vị nhận' (bên mua), không phải MST bên bán | AG7: https://tracuuhoadon.kkvat.com.vn/ | AJ7: =IFERROR(IF(INDEX('WBS2'!$I$2:$I$25,MATCH($C7,'WBS2'!$F$2:$F$25,0))="","",INDEX('WBS2'!$I$2:$I$25,MATCH($C7,'WBS2'!$F$2:$F$25,0))),"") | AK7: =IFERROR(IF(INDEX('WBS2'!$I$27:$I$162,MATCH($C7,'WBS2'!$F$27:$F$162,0))="","",INDEX('WBS2'!$I$27:$I$162,MATCH($C7,'WBS2'!$F$27:$F$162,0))),"") -> Sẵn sàng | AL7: =IFERROR(IF(OR($AK7="Chưa hoàn thành",$AK7="Sẵn sàng"),INDEX('WBS2'!$H$27:$H$162,MATCH($C7,'WBS2'!$F$27:$F$162,0)),""),"") -> 46356 | AM7: =IFERROR(IF(INDEX('WBS2'!$J$27:$J$162,MATCH($C7,'WBS2'!$F$27:$F$162,0))="","",INDEX('WBS2'!$J$27:$J$162,MATCH($C7,'WBS2'!$F$27:$F$162,0))),"") | AN7: =IFERROR(IF(INDEX('WBS2'!$I$163:$I$298,MATCH($C7,'WBS2'!$F$163:$F$298,0))="","",INDEX('WBS2'!$I$163:$I$298,MATCH($C7,'WBS2'!$F$163:$F$298,0))),"") -> Chưa hoàn thành | AO7: =IFERROR(IF(OR($AN7="Chưa hoàn thành",$AN7="Sẵn sàng"),INDEX('WBS2'!$H$163:$H$298,MATCH($C7,'WBS2'!$F$163:$F$298,0)),""),"") -> 46446 | AP7: =IFERROR(IF(INDEX('WBS2'!$J$163:$J$298,MATCH($C7,'WBS2'!$F$163:$F$298,0))="","",INDEX('WBS2'!$J$163:$J$298,MATCH($C7,'WBS2'!$F$163:$F$298,0))),"") -> Chưa có mail/PDF nào của NCC này (kiểm DB 27/10)
A8: 7 | B8: Công ty Cổ phần CyberLotus | C8: 0105232093 | E8: https://tracuuhoadon2.xcyber.vn/#/tracuuhoadon/tracuu | F8: có captcha | G8: https://tracuuhoadon2.xcyber.vn/#/tracuuhoadon/tracuu | H8: =IF(N8<>"OK","",IF(IF(O8="✓","Mã tra cứu|","")&IF(P8="✓","MST người bán|","")&IF(Q8="✓","MST người mua|","")&IF(R8="✓","Mẫu số / Ký hiệu|","")&IF(S8="✓","Số HĐ|","")&IF(T8="✓","Ngày lập|","")&IF(U8="✓","Tổng tiền|","")&IF(V8="✓","Mã CQT|","")&IF(W8="✓","Upload XML|","")&IF(X8="✓","Captcha ảnh|","")&IF(Y8="✓","Captcha dạng tích|","")&IF(Z8="✓","Captcha khác (slider/hình)|","")&IF(AA8="✓","Đăng nhập|","")&IF(AB8="✓","Email/SĐT/OTP|","")="","(không có tham số)",SUBSTITUTE(LEFT(IF(O8="✓","Mã tra cứu|","")&IF(P8="✓","MST người bán|","")&IF(Q8="✓","MST người mua|","")&IF(R8="✓","Mẫu số / Ký hiệu|","")&IF(S8="✓","Số HĐ|","")&IF(T8="✓","Ngày lập|","")&IF(U8="✓","Tổng tiền|","")&IF(V8="✓","Mã CQT|","")&IF(W8="✓","Upload XML|","")&IF(X8="✓","Captcha ảnh|","")&IF(Y8="✓","Captcha dạng tích|","")&IF(Z8="✓","Captcha khác (slider/hình)|","")&IF(AA8="✓","Đăng nhập|","")&IF(AB8="✓","Email/SĐT/OTP|",""),LEN(IF(O8="✓","Mã tra cứu|","")&IF(P8="✓","MST người bán|","")&IF(Q8="✓","MST người mua|","")&IF(R8="✓","Mẫu số / Ký hiệu|","")&IF(S8="✓","Số HĐ|","")&IF(T8="✓","Ngày lập|","")&IF(U8="✓","Tổng tiền|","")&IF(V8="✓","Mã CQT|","")&IF(W8="✓","Upload XML|","")&IF(X8="✓","Captcha ảnh|","")&IF(Y8="✓","Captcha dạng tích|","")&IF(Z8="✓","Captcha khác (slider/hình)|","")&IF(AA8="✓","Đăng nhập|","")&IF(AB8="✓","Email/SĐT/OTP|",""))-1),"|"," + "))) -> Mã tra cứu + Captcha ảnh | I8: Xong | K8: 0.977 | L8: g_300x75 | N8: OK | O8: ✓ | X8: ✓ | AC8: 2 | AD8: ảnh 300x75 base64 (API bill2app.xcyber.vn/.../TraCuuHoaDon/RefreshCaptcha), 5 chữ số màu có gạch nhiễu, hiển thị 180x45 | AE8: 'Xác thực hóa đơn' (#/tracuuhoadon/xacthuc): chọn file XML + chọn mẫu thông tư + captcha ảnh; 'Link dự phòng' tracuuhoadon.cyberbill.vn | AF8: SPA (Angular/ABP). Ô MaSoBiMat ('mã tra cứu') + mã xác thực. Trang nạp recaptcha/api.js nhưng không có widget. Nhóm model g_300x75. | AG8: https://tracuuhoadon2.xcyber.vn/#/tracuuhoadon/tracuu | AJ8: =IFERROR(IF(INDEX('WBS2'!$I$2:$I$25,MATCH($C8,'WBS2'!$F$2:$F$25,0))="","",INDEX('WBS2'!$I$2:$I$25,MATCH($C8,'WBS2'!$F$2:$F$25,0))),"") -> Hoàn thành | AK8: =IFERROR(IF(INDEX('WBS2'!$I$27:$I$162,MATCH($C8,'WBS2'!$F$27:$F$162,0))="","",INDEX('WBS2'!$I$27:$I$162,MATCH($C8,'WBS2'!$F$27:$F$162,0))),"") -> Hoàn thành | AL8: =IFERROR(IF(OR($AK8="Chưa hoàn thành",$AK8="Sẵn sàng"),INDEX('WBS2'!$H$27:$H$162,MATCH($C8,'WBS2'!$F$27:$F$162,0)),""),"") | AM8: =IFERROR(IF(INDEX('WBS2'!$J$27:$J$162,MATCH($C8,'WBS2'!$F$27:$F$162,0))="","",INDEX('WBS2'!$J$27:$J$162,MATCH($C8,'WBS2'!$F$27:$F$162,0))),"") | AN8: =IFERROR(IF(INDEX('WBS2'!$I$163:$I$298,MATCH($C8,'WBS2'!$F$163:$F$298,0))="","",INDEX('WBS2'!$I$163:$I$298,MATCH($C8,'WBS2'!$F$163:$F$298,0))),"") -> Sẵn sàng | AO8: =IFERROR(IF(OR($AN8="Chưa hoàn thành",$AN8="Sẵn sàng"),INDEX('WBS2'!$H$163:$H$298,MATCH($C8,'WBS2'!$F$163:$F$298,0)),""),"") -> 46356 | AP8: =IFERROR(IF(INDEX('WBS2'!$J$163:$J$298,MATCH($C8,'WBS2'!$F$163:$F$298,0))="","",INDEX('WBS2'!$J$163:$J$298,MATCH($C8,'WBS2'!$F$163:$F$298,0))),"")
A9: 8 | B9: Công ty TNHH Giải pháp công nghệ Ngô Gia Phát | C9: 0311942758 | D9: Số 1134/16/2/13 Nguyễn Văn Quá, phường Đông Hưng Thuận, quận 12, Tp Hồ Chí Minh | E9: http://www.ngogiaphat.vn | F9: có captcha | G9: https://tracuuonline.ngogiaphat.vn/Search.aspx | H9: =IF(N9<>"OK","",IF(IF(O9="✓","Mã tra cứu|","")&IF(P9="✓","MST người bán|","")&IF(Q9="✓","MST người mua|","")&IF(R9="✓","Mẫu số / Ký hiệu|","")&IF(S9="✓","Số HĐ|","")&IF(T9="✓","Ngày lập|","")&IF(U9="✓","Tổng tiền|","")&IF(V9="✓","Mã CQT|","")&IF(W9="✓","Upload XML|","")&IF(X9="✓","Captcha ảnh|","")&IF(Y9="✓","Captcha dạng tích|","")&IF(Z9="✓","Captcha khác (slider/hình)|","")&IF(AA9="✓","Đăng nhập|","")&IF(AB9="✓","Email/SĐT/OTP|","")="","(không có tham số)",SUBSTITUTE(LEFT(IF(O9="✓","Mã tra cứu|","")&IF(P9="✓","MST người bán|","")&IF(Q9="✓","MST người mua|","")&IF(R9="✓","Mẫu số / Ký hiệu|","")&IF(S9="✓","Số HĐ|","")&IF(T9="✓","Ngày lập|","")&IF(U9="✓","Tổng tiền|","")&IF(V9="✓","Mã CQT|","")&IF(W9="✓","Upload XML|","")&IF(X9="✓","Captcha ảnh|","")&IF(Y9="✓","Captcha dạng tích|","")&IF(Z9="✓","Captcha khác (slider/hình)|","")&IF(AA9="✓","Đăng nhập|","")&IF(AB9="✓","Email/SĐT/OTP|",""),LEN(IF(O9="✓","Mã tra cứu|","")&IF(P9="✓","MST người bán|","")&IF(Q9="✓","MST người mua|","")&IF(R9="✓","Mẫu số / Ký hiệu|","")&IF(S9="✓","Số HĐ|","")&IF(T9="✓","Ngày lập|","")&IF(U9="✓","Tổng tiền|","")&IF(V9="✓","Mã CQT|","")&IF(W9="✓","Upload XML|","")&IF(X9="✓","Captcha ảnh|","")&IF(Y9="✓","Captcha dạng tích|","")&IF(Z9="✓","Captcha khác (slider/hình)|","")&IF(AA9="✓","Đăng nhập|","")&IF(AB9="✓","Email/SĐT/OTP|",""))-1),"|"," + "))) -> Mã tra cứu + Captcha ảnh | I9: Xong | K9: 0 | L9: g_200x80 | M9: https://tracuuonline.ngogiaphat.vn/DXB.axd?DXCache=db6b00ec-9728-fe9e-c65d-24724858e745 | N9: OK | O9: ✓ | X9: ✓ | AC9: 2 | AD9: ảnh DevExpress ASPxCaptcha 200x80 (hiển thị 200x50, chữ thường + số) | AF9: 1 ô tìm không nhãn (tự viết hoa) — đoán là mã tra cứu; ASP.NET WebForms DevExpress | AG9: https://tracuuonline.ngogiaphat.vn/Search.aspx | AJ9: =IFERROR(IF(INDEX('WBS2'!$I$2:$I$25,MATCH($C9,'WBS2'!$F$2:$F$25,0))="","",INDEX('WBS2'!$I$2:$I$25,MATCH($C9,'WBS2'!$F$2:$F$25,0))),"") -> Hoàn thành | AK9: =IFERROR(IF(INDEX('WBS2'!$I$27:$I$162,MATCH($C9,'WBS2'!$F$27:$F$162,0))="","",INDEX('WBS2'!$I$27:$I$162,MATCH($C9,'WBS2'!$F$27:$F$162,0))),"") -> Chưa hoàn thành | AL9: =IFERROR(IF(OR($AK9="Chưa hoàn thành",$AK9="Sẵn sàng"),INDEX('WBS2'!$H$27:$H$162,MATCH($C9,'WBS2'!$F$27:$F$162,0)),""),"") -> 46446 | AM9: =IFERROR(IF(INDEX('WBS2'!$J$27:$J$162,MATCH($C9,'WBS2'!$F$27:$F$162,0))="","",INDEX('WBS2'!$J$27:$J$162,MATCH($C9,'WBS2'!$F$27:$F$162,0))),"") | AN9: =IFERROR(IF(INDEX('WBS2'!$I$163:$I$298,MATCH($C9,'WBS2'!$F$163:$F$298,0))="","",INDEX('WBS2'!$I$163:$I$298,MATCH($C9,'WBS2'!$F$163:$F$298,0))),"") -> Chưa hoàn thành | AO9: =IFERROR(IF(OR($AN9="Chưa hoàn thành",$AN9="Sẵn sàng"),INDEX('WBS2'!$H$163:$H$298,MATCH($C9,'WBS2'!$F$163:$F$298,0)),""),"") -> 46446 | AP9: =IFERROR(IF(INDEX('WBS2'!$J$163:$J$298,MATCH($C9,'WBS2'!$F$163:$F$298,0))="","",INDEX('WBS2'!$J$163:$J$298,MATCH($C9,'WBS2'!$F$163:$F$298,0))),"") -> Chưa có mail/PDF nào của NCC này (kiểm DB 27/10)
A10: 9 | B10: Công ty Cổ phần Mắt Bão | C10: 0302712571 | D10: 12A Núi Thành, phường 13, quận Tân Bình, Tp Hồ Chí Minh | E10: https://matbao.in | F10: không có captcha | G10: https://matbao.in/tra-cuu-hoa-don | H10: =IF(N10<>"OK","",IF(IF(O10="✓","Mã tra cứu|","")&IF(P10="✓","MST người bán|","")&IF(Q10="✓","MST người mua|","")&IF(R10="✓","Mẫu số / Ký hiệu|","")&IF(S10="✓","Số HĐ|","")&IF(T10="✓","Ngày lập|","")&IF(U10="✓","Tổng tiền|","")&IF(V10="✓","Mã CQT|","")&IF(W10="✓","Upload XML|","")&IF(X10="✓","Captcha ảnh|","")&IF(Y10="✓","Captcha dạng tích|","")&IF(Z10="✓","Captcha khác (slider/hình)|","")&IF(AA10="✓","Đăng nhập|","")&IF(AB10="✓","Email/SĐT/OTP|","")="","(không có tham số)",SUBSTITUTE(LEFT(IF(O10="✓","Mã tra cứu|","")&IF(P10="✓","MST người bán|","")&IF(Q10="✓","MST người mua|","")&IF(R10="✓","Mẫu số / Ký hiệu|","")&IF(S10="✓","Số HĐ|","")&IF(T10="✓","Ngày lập|","")&IF(U10="✓","Tổng tiền|","")&IF(V10="✓","Mã CQT|","")&IF(W10="✓","Upload XML|","")&IF(X10="✓","Captcha ảnh|","")&IF(Y10="✓","Captcha dạng tích|","")&IF(Z10="✓","Captcha khác (slider/hình)|","")&IF(AA10="✓","Đăng nhập|","")&IF(AB10="✓","Email/SĐT/OTP|",""),LEN(IF(O10="✓","Mã tra cứu|","")&IF(P10="✓","MST người bán|","")&IF(Q10="✓","MST người mua|","")&IF(R10="✓","Mẫu số / Ký hiệu|","")&IF(S10="✓","Số HĐ|","")&IF(T10="✓","Ngày lập|","")&IF(U10="✓","Tổng tiền|","")&IF(V10="✓","Mã CQT|","")&IF(W10="✓","Upload XML|","")&IF(X10="✓","Captcha ảnh|","")&IF(Y10="✓","Captcha dạng tích|","")&IF(Z10="✓","Captcha khác (slider/hình)|","")&IF(AA10="✓","Đăng nhập|","")&IF(AB10="✓","Email/SĐT/OTP|",""))-1),"|"," + "))) -> Mã tra cứu | N10: OK | O10: ✓ | AC10: 1 | AD10: không có | AE10: Tab 'Tra cứu dùng file XML': upload .xml | AF10: Chỉ cần mã tra cứu | AG10: https://matbao.in/tra-cuu-hoa-don | AJ10: =IFERROR(IF(INDEX('WBS2'!$I$2:$I$25,MATCH($C10,'WBS2'!$F$2:$F$25,0))="","",INDEX('WBS2'!$I$2:$I$25,MATCH($C10,'WBS2'!$F$2:$F$25,0))),"") | AK10: =IFERROR(IF(INDEX('WBS2'!$I$27:$I$162,MATCH($C10,'WBS2'!$F$27:$F$162,0))="","",INDEX('WBS2'!$I$27:$I$162,MATCH($C10,'WBS2'!$F$27:$F$162,0))),"") -> Hoàn thành | AL10: =IFERROR(IF(OR($AK10="Chưa hoàn thành",$AK10="Sẵn sàng"),INDEX('WBS2'!$H$27:$H$162,MATCH($C10,'WBS2'!$F$27:$F$162,0)),""),"") | AM10: =IFERROR(IF(INDEX('WBS2'!$J$27:$J$162,MATCH($C10,'WBS2'!$F$27:$F$162,0))="","",INDEX('WBS2'!$J$27:$J$162,MATCH($C10,'WBS2'!$F$27:$F$162,0))),"") | AN10: =IFERROR(IF(INDEX('WBS2'!$I$163:$I$298,MATCH($C10,'WBS2'!$F$163:$F$298,0))="","",INDEX('WBS2'!$I$163:$I$298,MATCH($C10,'WBS2'!$F$163:$F$298,0))),"") -> Hoàn thành | AO10: =IFERROR(IF(OR($AN10="Chưa hoàn thành",$AN10="Sẵn sàng"),INDEX('WBS2'!$H$163:$H$298,MATCH($C10,'WBS2'!$F$163:$F$298,0)),""),"") | AP10: =IFERROR(IF(INDEX('WBS2'!$J$163:$J$298,MATCH($C10,'WBS2'!$F$163:$F$298,0))="","",INDEX('WBS2'!$J$163:$J$298,MATCH($C10,'WBS2'!$F$163:$F$298,0))),"")
A11: 10 | B11: Công ty Cổ phần công nghệ thẻ Nacencomm | C11: 0103930279 | D11: Tầng 5, số 2 Chùa Bộc, phường Trung Tự, quận Đống Đa, Tp Hà Nội | E11: https://www.nacencomm.com.vn/dich-vu-chi-tiet/hoa-don-dien-tu | F11: Không có captcha | G11: https://hoadon78.nacencomm.vn/tracuuhd.aspx | H11: =IF(N11<>"OK","",IF(IF(O11="✓","Mã tra cứu|","")&IF(P11="✓","MST người bán|","")&IF(Q11="✓","MST người mua|","")&IF(R11="✓","Mẫu số / Ký hiệu|","")&IF(S11="✓","Số HĐ|","")&IF(T11="✓","Ngày lập|","")&IF(U11="✓","Tổng tiền|","")&IF(V11="✓","Mã CQT|","")&IF(W11="✓","Upload XML|","")&IF(X11="✓","Captcha ảnh|","")&IF(Y11="✓","Captcha dạng tích|","")&IF(Z11="✓","Captcha khác (slider/hình)|","")&IF(AA11="✓","Đăng nhập|","")&IF(AB11="✓","Email/SĐT/OTP|","")="","(không có tham số)",SUBSTITUTE(LEFT(IF(O11="✓","Mã tra cứu|","")&IF(P11="✓","MST người bán|","")&IF(Q11="✓","MST người mua|","")&IF(R11="✓","Mẫu số / Ký hiệu|","")&IF(S11="✓","Số HĐ|","")&IF(T11="✓","Ngày lập|","")&IF(U11="✓","Tổng tiền|","")&IF(V11="✓","Mã CQT|","")&IF(W11="✓","Upload XML|","")&IF(X11="✓","Captcha ảnh|","")&IF(Y11="✓","Captcha dạng tích|","")&IF(Z11="✓","Captcha khác (slider/hình)|","")&IF(AA11="✓","Đăng nhập|","")&IF(AB11="✓","Email/SĐT/OTP|",""),LEN(IF(O11="✓","Mã tra cứu|","")&IF(P11="✓","MST người bán|","")&IF(Q11="✓","MST người mua|","")&IF(R11="✓","Mẫu số / Ký hiệu|","")&IF(S11="✓","Số HĐ|","")&IF(T11="✓","Ngày lập|","")&IF(U11="✓","Tổng tiền|","")&IF(V11="✓","Mã CQT|","")&IF(W11="✓","Upload XML|","")&IF(X11="✓","Captcha ảnh|","")&IF(Y11="✓","Captcha dạng tích|","")&IF(Z11="✓","Captcha khác (slider/hình)|","")&IF(AA11="✓","Đăng nhập|","")&IF(AB11="✓","Email/SĐT/OTP|",""))-1),"|"," + "))) -> Mã tra cứu | N11: OK | O11: ✓ | AC11: 1 | AD11: không có | AE11: Radio 'Theo chuỗi xác thực': 1 ô chuỗi xác thực; tab 'Chứng từ TNCN'; trong HTML còn panel ẩn (không có nút chọn trên UI): MST + mẫu số + ký hiệu + số HĐ + ngày HĐ + giá trị | AF11: Ô mặc định: 'Nhập mã tra cứu hoặc số hóa đơn và 4 ký tự đầu của chuỗi xác thực'; DevExpress WebForms; ô MST người mua chỉ hiện sau khi tìm thấy (để ký HĐ bên mua) | AG11: https://hoadon78.nacencomm.vn/tracuuhd.aspx | AJ11: =IFERROR(IF(INDEX('WBS2'!$I$2:$I$25,MATCH($C11,'WBS2'!$F$2:$F$25,0))="","",INDEX('WBS2'!$I$2:$I$25,MATCH($C11,'WBS2'!$F$2:$F$25,0))),"") | AK11: =IFERROR(IF(INDEX('WBS2'!$I$27:$I$162,MATCH($C11,'WBS2'!$F$27:$F$162,0))="","",INDEX('WBS2'!$I$27:$I$162,MATCH($C11,'WBS2'!$F$27:$F$162,0))),"") -> Sẵn sàng | AL11: =IFERROR(IF(OR($AK11="Chưa hoàn thành",$AK11="Sẵn sàng"),INDEX('WBS2'!$H$27:$H$162,MATCH($C11,'WBS2'!$F$27:$F$162,0)),""),"") -> 46356 | AM11: =IFERROR(IF(INDEX('WBS2'!$J$27:$J$162,MATCH($C11,'WBS2'!$F$27:$F$162,0))="","",INDEX('WBS2'!$J$27:$J$162,MATCH($C11,'WBS2'!$F$27:$F$162,0))),"") | AN11: =IFERROR(IF(INDEX('WBS2'!$I$163:$I$298,MATCH($C11,'WBS2'!$F$163:$F$298,0))="","",INDEX('WBS2'!$I$163:$I$298,MATCH($C11,'WBS2'!$F$163:$F$298,0))),"") -> Chưa hoàn thành | AO11: =IFERROR(IF(OR($AN11="Chưa hoàn thành",$AN11="Sẵn sàng"),INDEX('WBS2'!$H$163:$H$298,MATCH($C11,'WBS2'!$F$163:$F$298,0)),""),"") -> 46446 | AP11: =IFERROR(IF(INDEX('WBS2'!$J$163:$J$298,MATCH($C11,'WBS2'!$F$163:$F$298,0))="","",INDEX('WBS2'!$J$163:$J$298,MATCH($C11,'WBS2'!$F$163:$F$298,0))),"") -> Chưa có mail/PDF nào của NCC này (kiểm DB 27/10)
A12: 11 | B12: Công ty Cổ phần Megabiz Việt Nam | C12: 0105844836 | D12: Số 3 ngõ 15 đường Nghĩa Dũng, phường Phúc Xá, quận Ba Đình, Tp Hà Nội | E12: https://vinvoice.vn | F12: có captcha | G12: https://tracuu.vinvoice.vn/Captcha/Show | H12: =IF(N12<>"OK","",IF(IF(O12="✓","Mã tra cứu|","")&IF(P12="✓","MST người bán|","")&IF(Q12="✓","MST người mua|","")&IF(R12="✓","Mẫu số / Ký hiệu|","")&IF(S12="✓","Số HĐ|","")&IF(T12="✓","Ngày lập|","")&IF(U12="✓","Tổng tiền|","")&IF(V12="✓","Mã CQT|","")&IF(W12="✓","Upload XML|","")&IF(X12="✓","Captcha ảnh|","")&IF(Y12="✓","Captcha dạng tích|","")&IF(Z12="✓","Captcha khác (slider/hình)|","")&IF(AA12="✓","Đăng nhập|","")&IF(AB12="✓","Email/SĐT/OTP|","")="","(không có tham số)",SUBSTITUTE(LEFT(IF(O12="✓","Mã tra cứu|","")&IF(P12="✓","MST người bán|","")&IF(Q12="✓","MST người mua|","")&IF(R12="✓","Mẫu số / Ký hiệu|","")&IF(S12="✓","Số HĐ|","")&IF(T12="✓","Ngày lập|","")&IF(U12="✓","Tổng tiền|","")&IF(V12="✓","Mã CQT|","")&IF(W12="✓","Upload XML|","")&IF(X12="✓","Captcha ảnh|","")&IF(Y12="✓","Captcha dạng tích|","")&IF(Z12="✓","Captcha khác (slider/hình)|","")&IF(AA12="✓","Đăng nhập|","")&IF(AB12="✓","Email/SĐT/OTP|",""),LEN(IF(O12="✓","Mã tra cứu|","")&IF(P12="✓","MST người bán|","")&IF(Q12="✓","MST người mua|","")&IF(R12="✓","Mẫu số / Ký hiệu|","")&IF(S12="✓","Số HĐ|","")&IF(T12="✓","Ngày lập|","")&IF(U12="✓","Tổng tiền|","")&IF(V12="✓","Mã CQT|","")&IF(W12="✓","Upload XML|","")&IF(X12="✓","Captcha ảnh|","")&IF(Y12="✓","Captcha dạng tích|","")&IF(Z12="✓","Captcha khác (slider/hình)|","")&IF(AA12="✓","Đăng nhập|","")&IF(AB12="✓","Email/SĐT/OTP|",""))-1),"|"," + "))) -> Mã tra cứu + Captcha ảnh | I12: Xong | K12: 1 | L12: g_120x38 | N12: OK | O12: ✓ | X12: ✓ | AC12: 2 | AD12: ảnh 120x38 (/Captcha/Show, hiển thị 110x35) | AE12: Menu khác: Chứng từ khấu trừ TNCN, Biên lai, Biên bản; link 'Tra cứu hóa đơn TT32' | AF12: Link trong danh sách là ảnh captcha, form ở trang gốc; chỉ mã tra cứu + captcha | AG12: https://tracuu.vinvoice.vn/ | AJ12: =IFERROR(IF(INDEX('WBS2'!$I$2:$I$25,MATCH($C12,'WBS2'!$F$2:$F$25,0))="","",INDEX('WBS2'!$I$2:$I$25,MATCH($C12,'WBS2'!$F$2:$F$25,0))),"") -> Hoàn thành | AK12: =IFERROR(IF(INDEX('WBS2'!$I$27:$I$162,MATCH($C12,'WBS2'!$F$27:$F$162,0))="","",INDEX('WBS2'!$I$27:$I$162,MATCH($C12,'WBS2'!$F$27:$F$162,0))),"") -> Sẵn sàng | AL12: =IFERROR(IF(OR($AK12="Chưa hoàn thành",$AK12="Sẵn sàng"),INDEX('WBS2'!$H$27:$H$162,MATCH($C12,'WBS2'!$F$27:$F$162,0)),""),"") -> 46356 | AM12: =IFERROR(IF(INDEX('WBS2'!$J$27:$J$162,MATCH($C12,'WBS2'!$F$27:$F$162,0))="","",INDEX('WBS2'!$J$27:$J$162,MATCH($C12,'WBS2'!$F$27:$F$162,0))),"") | AN12: =IFERROR(IF(INDEX('WBS2'!$I$163:$I$298,MATCH($C12,'WBS2'!$F$163:$F$298,0))="","",INDEX('WBS2'!$I$163:$I$298,MATCH($C12,'WBS2'!$F$163:$F$298,0))),"") -> Sẵn sàng | AO12: =IFERROR(IF(OR($AN12="Chưa hoàn thành",$AN12="Sẵn sàng"),INDEX('WBS2'!$H$163:$H$298,MATCH($C12,'WBS2'!$F$163:$F$298,0)),""),"") -> 46356 | AP12: =IFERROR(IF(INDEX('WBS2'!$J$163:$J$298,MATCH($C12,'WBS2'!$F$163:$F$298,0))="","",INDEX('WBS2'!$J$163:$J$298,MATCH($C12,'WBS2'!$F$163:$F$298,0))),"")
A13: 12 | B13: Công ty TNHH Công nghệ LCD Việt Nam | C13: 0312483391 | D13: 26/1 Trần Quang Khải, phường Tân Định, quận 1, Tp Hồ Chí Minh | E13: https://azinvoice.com | F13: không có thông tin | G13: https://azinvoice.vn/#/search-xml | H13: =IF(N13<>"OK","",IF(IF(O13="✓","Mã tra cứu|","")&IF(P13="✓","MST người bán|","")&IF(Q13="✓","MST người mua|","")&IF(R13="✓","Mẫu số / Ký hiệu|","")&IF(S13="✓","Số HĐ|","")&IF(T13="✓","Ngày lập|","")&IF(U13="✓","Tổng tiền|","")&IF(V13="✓","Mã CQT|","")&IF(W13="✓","Upload XML|","")&IF(X13="✓","Captcha ảnh|","")&IF(Y13="✓","Captcha dạng tích|","")&IF(Z13="✓","Captcha khác (slider/hình)|","")&IF(AA13="✓","Đăng nhập|","")&IF(AB13="✓","Email/SĐT/OTP|","")="","(không có tham số)",SUBSTITUTE(LEFT(IF(O13="✓","Mã tra cứu|","")&IF(P13="✓","MST người bán|","")&IF(Q13="✓","MST người mua|","")&IF(R13="✓","Mẫu số / Ký hiệu|","")&IF(S13="✓","Số HĐ|","")&IF(T13="✓","Ngày lập|","")&IF(U13="✓","Tổng tiền|","")&IF(V13="✓","Mã CQT|","")&IF(W13="✓","Upload XML|","")&IF(X13="✓","Captcha ảnh|","")&IF(Y13="✓","Captcha dạng tích|","")&IF(Z13="✓","Captcha khác (slider/hình)|","")&IF(AA13="✓","Đăng nhập|","")&IF(AB13="✓","Email/SĐT/OTP|",""),LEN(IF(O13="✓","Mã tra cứu|","")&IF(P13="✓","MST người bán|","")&IF(Q13="✓","MST người mua|","")&IF(R13="✓","Mẫu số / Ký hiệu|","")&IF(S13="✓","Số HĐ|","")&IF(T13="✓","Ngày lập|","")&IF(U13="✓","Tổng tiền|","")&IF(V13="✓","Mã CQT|","")&IF(W13="✓","Upload XML|","")&IF(X13="✓","Captcha ảnh|","")&IF(Y13="✓","Captcha dạng tích|","")&IF(Z13="✓","Captcha khác (slider/hình)|","")&IF(AA13="✓","Đăng nhập|","")&IF(AB13="✓","Email/SĐT/OTP|",""))-1),"|"," + "))) | N13: Faile | AD13: không xác định | AF13: azinvoice.vn: DNS không phân giải (ERR_NAME_NOT_RESOLVED); web azinvoice.com: tên miền đã hết hạn (trang NameBright) | AG13: https://azinvoice.vn/#/search-xml | AJ13: =IFERROR(IF(INDEX('WBS2'!$I$2:$I$25,MATCH($C13,'WBS2'!$F$2:$F$25,0))="","",INDEX('WBS2'!$I$2:$I$25,MATCH($C13,'WBS2'!$F$2:$F$25,0))),"") | AK13: =IFERROR(IF(INDEX('WBS2'!$I$27:$I$162,MATCH($C13,'WBS2'!$F$27:$F$162,0))="","",INDEX('WBS2'!$I$27:$I$162,MATCH($C13,'WBS2'!$F$27:$F$162,0))),"") -> Chưa hoàn thành | AL13: =IFERROR(IF(OR($AK13="Chưa hoàn thành",$AK13="Sẵn sàng"),INDEX('WBS2'!$H$27:$H$162,MATCH($C13,'WBS2'!$F$27:$F$162,0)),""),"") -> 46446 | AM13: =IFERROR(IF(INDEX('WBS2'!$J$27:$J$162,MATCH($C13,'WBS2'!$F$27:$F$162,0))="","",INDEX('WBS2'!$J$27:$J$162,MATCH($C13,'WBS2'!$F$27:$F$162,0))),"") -> Không làm được qua link tra cứu – cổng lỗi. azinvoice.vn (khảo sát 14/10: Faile) | AN13: =IFERROR(IF(INDEX('WBS2'!$I$163:$I$298,MATCH($C13,'WBS2'!$F$163:$F$298,0))="","",INDEX('WBS2'!$I$163:$I$298,MATCH($C13,'WBS2'!$F$163:$F$298,0))),"") -> Chưa hoàn thành | AO13: =IFERROR(IF(OR($AN13="Chưa hoàn thành",$AN13="Sẵn sàng"),INDEX('WBS2'!$H$163:$H$298,MATCH($C13,'WBS2'!$F$163:$F$298,0)),""),"") -> 46446 | AP13: =IFERROR(IF(INDEX('WBS2'!$J$163:$J$298,MATCH($C13,'WBS2'!$F$163:$F$298,0))="","",INDEX('WBS2'!$J$163:$J$298,MATCH($C13,'WBS2'!$F$163:$F$298,0))),"") -> Chưa có mail/PDF nào của NCC này (kiểm DB 27/10)
A14: 13 | B14: Công ty Cổ phần MISA | C14: 0101243150 | D14: Tầng 9, tòa nhà Technosoft, phố Duy Tân, phường Dịch Vọng Hậu, quận Cầu Giấy, Tp Hà Nội | E14: https://www.meinvoice.vn/ | F14: Không có captcha | G14: https://www.meinvoice.vn/tra-cuu/ | H14: =IF(N14<>"OK","",IF(IF(O14="✓","Mã tra cứu|","")&IF(P14="✓","MST người bán|","")&IF(Q14="✓","MST người mua|","")&IF(R14="✓","Mẫu số / Ký hiệu|","")&IF(S14="✓","Số HĐ|","")&IF(T14="✓","Ngày lập|","")&IF(U14="✓","Tổng tiền|","")&IF(V14="✓","Mã CQT|","")&IF(W14="✓","Upload XML|","")&IF(X14="✓","Captcha ảnh|","")&IF(Y14="✓","Captcha dạng tích|","")&IF(Z14="✓","Captcha khác (slider/hình)|","")&IF(AA14="✓","Đăng nhập|","")&IF(AB14="✓","Email/SĐT/OTP|","")="","(không có tham số)",SUBSTITUTE(LEFT(IF(O14="✓","Mã tra cứu|","")&IF(P14="✓","MST người bán|","")&IF(Q14="✓","MST người mua|","")&IF(R14="✓","Mẫu số / Ký hiệu|","")&IF(S14="✓","Số HĐ|","")&IF(T14="✓","Ngày lập|","")&IF(U14="✓","Tổng tiền|","")&IF(V14="✓","Mã CQT|","")&IF(W14="✓","Upload XML|","")&IF(X14="✓","Captcha ảnh|","")&IF(Y14="✓","Captcha dạng tích|","")&IF(Z14="✓","Captcha khác (slider/hình)|","")&IF(AA14="✓","Đăng nhập|","")&IF(AB14="✓","Email/SĐT/OTP|",""),LEN(IF(O14="✓","Mã tra cứu|","")&IF(P14="✓","MST người bán|","")&IF(Q14="✓","MST người mua|","")&IF(R14="✓","Mẫu số / Ký hiệu|","")&IF(S14="✓","Số HĐ|","")&IF(T14="✓","Ngày lập|","")&IF(U14="✓","Tổng tiền|","")&IF(V14="✓","Mã CQT|","")&IF(W14="✓","Upload XML|","")&IF(X14="✓","Captcha ảnh|","")&IF(Y14="✓","Captcha dạng tích|","")&IF(Z14="✓","Captcha khác (slider/hình)|","")&IF(AA14="✓","Đăng nhập|","")&IF(AB14="✓","Email/SĐT/OTP|",""))-1),"|"," + "))) -> Mã tra cứu | N14: OK | O14: ✓ | AC14: 1 | AD14: mặc định không có; captcha ảnh ẩn (#captchaContainer, ImageHandler.ashx ~115x30) chỉ hiện sau nhiều lần tìm sai | AE14: Tab 'Theo file xml': upload XML ≤2MB; tab 'Theo email/số điện thoại': chuyển sang đăng nhập MISA ID (email/SĐT + mật khẩu, có reCAPTCHA) | AF14: Lần mở đầu bị Cloudflare 520, thử lại thì vào được; mã tra cứu = TransactionID; project đã có adapter misa | AG14: https://www.meinvoice.vn/tra-cuu/ | AJ14: =IFERROR(IF(INDEX('WBS2'!$I$2:$I$25,MATCH($C14,'WBS2'!$F$2:$F$25,0))="","",INDEX('WBS2'!$I$2:$I$25,MATCH($C14,'WBS2'!$F$2:$F$25,0))),"") | AK14: =IFERROR(IF(INDEX('WBS2'!$I$27:$I$162,MATCH($C14,'WBS2'!$F$27:$F$162,0))="","",INDEX('WBS2'!$I$27:$I$162,MATCH($C14,'WBS2'!$F$27:$F$162,0))),"") -> Hoàn thành | AL14: =IFERROR(IF(OR($AK14="Chưa hoàn thành",$AK14="Sẵn sàng"),INDEX('WBS2'!$H$27:$H$162,MATCH($C14,'WBS2'!$F$27:$F$162,0)),""),"") | AM14: =IFERROR(IF(INDEX('WBS2'!$J$27:$J$162,MATCH($C14,'WBS2'!$F$27:$F$162,0))="","",INDEX('WBS2'!$J$27:$J$162,MATCH($C14,'WBS2'!$F$27:$F$162,0))),"") | AN14: =IFERROR(IF(INDEX('WBS2'!$I$163:$I$298,MATCH($C14,'WBS2'!$F$163:$F$298,0))="","",INDEX('WBS2'!$I$163:$I$298,MATCH($C14,'WBS2'!$F$163:$F$298,0))),"") -> Hoàn thành | AO14: =IFERROR(IF(OR($AN14="Chưa hoàn thành",$AN14="Sẵn sàng"),INDEX('WBS2'!$H$163:$H$298,MATCH($C14,'WBS2'!$F$163:$F$298,0)),""),"") | AP14: =IFERROR(IF(INDEX('WBS2'!$J$163:$J$298,MATCH($C14,'WBS2'!$F$163:$F$298,0))="","",INDEX('WBS2'!$J$163:$J$298,MATCH($C14,'WBS2'!$F$163:$F$298,0))),"")
A15: 14 | B15: Công ty TNHH Hóa đơn điện tử M-INVOICE | C15: 0106026495 | D15: Số nhà 16, ngõ 269/1 đường Giáp Bát, phường Giáp Bát, quận Hoàng Mai, Tp Hà Nội | E15: https://minvoice.vn/ | F15: Không có captcha | G15: https://tracuuhoadon.minvoice.com.vn/tra-cuu-hoa-don | H15: =IF(N15<>"OK","",IF(IF(O15="✓","Mã tra cứu|","")&IF(P15="✓","MST người bán|","")&IF(Q15="✓","MST người mua|","")&IF(R15="✓","Mẫu số / Ký hiệu|","")&IF(S15="✓","Số HĐ|","")&IF(T15="✓","Ngày lập|","")&IF(U15="✓","Tổng tiền|","")&IF(V15="✓","Mã CQT|","")&IF(W15="✓","Upload XML|","")&IF(X15="✓","Captcha ảnh|","")&IF(Y15="✓","Captcha dạng tích|","")&IF(Z15="✓","Captcha khác (slider/hình)|","")&IF(AA15="✓","Đăng nhập|","")&IF(AB15="✓","Email/SĐT/OTP|","")="","(không có tham số)",SUBSTITUTE(LEFT(IF(O15="✓","Mã tra cứu|","")&IF(P15="✓","MST người bán|","")&IF(Q15="✓","MST người mua|","")&IF(R15="✓","Mẫu số / Ký hiệu|","")&IF(S15="✓","Số HĐ|","")&IF(T15="✓","Ngày lập|","")&IF(U15="✓","Tổng tiền|","")&IF(V15="✓","Mã CQT|","")&IF(W15="✓","Upload XML|","")&IF(X15="✓","Captcha ảnh|","")&IF(Y15="✓","Captcha dạng tích|","")&IF(Z15="✓","Captcha khác (slider/hình)|","")&IF(AA15="✓","Đăng nhập|","")&IF(AB15="✓","Email/SĐT/OTP|",""),LEN(IF(O15="✓","Mã tra cứu|","")&IF(P15="✓","MST người bán|","")&IF(Q15="✓","MST người mua|","")&IF(R15="✓","Mẫu số / Ký hiệu|","")&IF(S15="✓","Số HĐ|","")&IF(T15="✓","Ngày lập|","")&IF(U15="✓","Tổng tiền|","")&IF(V15="✓","Mã CQT|","")&IF(W15="✓","Upload XML|","")&IF(X15="✓","Captcha ảnh|","")&IF(Y15="✓","Captcha dạng tích|","")&IF(Z15="✓","Captcha khác (slider/hình)|","")&IF(AA15="✓","Đăng nhập|","")&IF(AB15="✓","Email/SĐT/OTP|",""))-1),"|"," + "))) -> Mã tra cứu + MST người bán | N15: OK | O15: ✓ | P15: ✓ | AC15: 2 | AD15: không có | AE15: Tab 'File': upload .zip ≤2MB; tab 'Tài khoản': đăng nhập; tab 'Đơn vị đặc thù': MST bán + mã khách hàng; tab Chứng từ, Biên lai | AF15: SPA React/Ant Design; ô MST nhận MST bên bán hoặc CCCD; mã tra cứu = số bảo mật; project đã có adapter minvoice | AG15: https://tracuuhoadon.minvoice.com.vn/tra-cuu-hoa-don | AJ15: =IFERROR(IF(INDEX('WBS2'!$I$2:$I$25,MATCH($C15,'WBS2'!$F$2:$F$25,0))="","",INDEX('WBS2'!$I$2:$I$25,MATCH($C15,'WBS2'!$F$2:$F$25,0))),"") | AK15: =IFERROR(IF(INDEX('WBS2'!$I$27:$I$162,MATCH($C15,'WBS2'!$F$27:$F$162,0))="","",INDEX('WBS2'!$I$27:$I$162,MATCH($C15,'WBS2'!$F$27:$F$162,0))),"") -> Hoàn thành | AL15: =IFERROR(IF(OR($AK15="Chưa hoàn thành",$AK15="Sẵn sàng"),INDEX('WBS2'!$H$27:$H$162,MATCH($C15,'WBS2'!$F$27:$F$162,0)),""),"") | AM15: =IFERROR(IF(INDEX('WBS2'!$J$27:$J$162,MATCH($C15,'WBS2'!$F$27:$F$162,0))="","",INDEX('WBS2'!$J$27:$J$162,MATCH($C15,'WBS2'!$F$27:$F$162,0))),"") | AN15: =IFERROR(IF(INDEX('WBS2'!$I$163:$I$298,MATCH($C15,'WBS2'!$F$163:$F$298,0))="","",INDEX('WBS2'!$I$163:$I$298,MATCH($C15,'WBS2'!$F$163:$F$298,0))),"") -> Hoàn thành | AO15: =IFERROR(IF(OR($AN15="Chưa hoàn thành",$AN15="Sẵn sàng"),INDEX('WBS2'!$H$163:$H$298,MATCH($C15,'WBS2'!$F$163:$F$298,0)),""),"") | AP15: =IFERROR(IF(INDEX('WBS2'!$J$163:$J$298,MATCH($C15,'WBS2'!$F$163:$F$298,0))="","",INDEX('WBS2'!$J$163:$J$298,MATCH($C15,'WBS2'!$F$163:$F$298,0))),"")
A16: 15 | B16: Công ty Cổ phần Phát triển công nghệ Nguyễn Minh | C16: 0313906508 | D16: Số 11/8 Tân Quý, phường Tân Quý, quận Tân Phú, Tp Hồ Chí Minh | E16: www.nguyenminhvat.vn | H16: =IF(N16<>"OK","",IF(IF(O16="✓","Mã tra cứu|","")&IF(P16="✓","MST người bán|","")&IF(Q16="✓","MST người mua|","")&IF(R16="✓","Mẫu số / Ký hiệu|","")&IF(S16="✓","Số HĐ|","")&IF(T16="✓","Ngày lập|","")&IF(U16="✓","Tổng tiền|","")&IF(V16="✓","Mã CQT|","")&IF(W16="✓","Upload XML|","")&IF(X16="✓","Captcha ảnh|","")&IF(Y16="✓","Captcha dạng tích|","")&IF(Z16="✓","Captcha khác (slider/hình)|","")&IF(AA16="✓","Đăng nhập|","")&IF(AB16="✓","Email/SĐT/OTP|","")="","(không có tham số)",SUBSTITUTE(LEFT(IF(O16="✓","Mã tra cứu|","")&IF(P16="✓","MST người bán|","")&IF(Q16="✓","MST người mua|","")&IF(R16="✓","Mẫu số / Ký hiệu|","")&IF(S16="✓","Số HĐ|","")&IF(T16="✓","Ngày lập|","")&IF(U16="✓","Tổng tiền|","")&IF(V16="✓","Mã CQT|","")&IF(W16="✓","Upload XML|","")&IF(X16="✓","Captcha ảnh|","")&IF(Y16="✓","Captcha dạng tích|","")&IF(Z16="✓","Captcha khác (slider/hình)|","")&IF(AA16="✓","Đăng nhập|","")&IF(AB16="✓","Email/SĐT/OTP|",""),LEN(IF(O16="✓","Mã tra cứu|","")&IF(P16="✓","MST người bán|","")&IF(Q16="✓","MST người mua|","")&IF(R16="✓","Mẫu số / Ký hiệu|","")&IF(S16="✓","Số HĐ|","")&IF(T16="✓","Ngày lập|","")&IF(U16="✓","Tổng tiền|","")&IF(V16="✓","Mã CQT|","")&IF(W16="✓","Upload XML|","")&IF(X16="✓","Captcha ảnh|","")&IF(Y16="✓","Captcha dạng tích|","")&IF(Z16="✓","Captcha khác (slider/hình)|","")&IF(AA16="✓","Đăng nhập|","")&IF(AB16="✓","Email/SĐT/OTP|",""))-1),"|"," + "))) | AJ16: =IFERROR(IF(INDEX('WBS2'!$I$2:$I$25,MATCH($C16,'WBS2'!$F$2:$F$25,0))="","",INDEX('WBS2'!$I$2:$I$25,MATCH($C16,'WBS2'!$F$2:$F$25,0))),"") | AK16: =IFERROR(IF(INDEX('WBS2'!$I$27:$I$162,MATCH($C16,'WBS2'!$F$27:$F$162,0))="","",INDEX('WBS2'!$I$27:$I$162,MATCH($C16,'WBS2'!$F$27:$F$162,0))),"") -> Chưa hoàn thành | AL16: =IFERROR(IF(OR($AK16="Chưa hoàn thành",$AK16="Sẵn sàng"),INDEX('WBS2'!$H$27:$H$162,MATCH($C16,'WBS2'!$F$27:$F$162,0)),""),"") -> 46446 | AM16: =IFERROR(IF(INDEX('WBS2'!$J$27:$J$162,MATCH($C16,'WBS2'!$F$27:$F$162,0))="","",INDEX('WBS2'!$J$27:$J$162,MATCH($C16,'WBS2'!$F$27:$F$162,0))),"") -> Chưa làm – danh sách chưa có link tra cứu, chưa có HĐ thật | AN16: =IFERROR(IF(INDEX('WBS2'!$I$163:$I$298,MATCH($C16,'WBS2'!$F$163:$F$298,0))="","",INDEX('WBS2'!$I$163:$I$298,MATCH($C16,'WBS2'!$F$163:$F$298,0))),"") -> Chưa hoàn thành | AO16: =IFERROR(IF(OR($AN16="Chưa hoàn thành",$AN16="Sẵn sàng"),INDEX('WBS2'!$H$163:$H$298,MATCH($C16,'WBS2'!$F$163:$F$298,0)),""),"") -> 46446 | AP16: =IFERROR(IF(INDEX('WBS2'!$J$163:$J$298,MATCH($C16,'WBS2'!$F$163:$F$298,0))="","",INDEX('WBS2'!$J$163:$J$298,MATCH($C16,'WBS2'!$F$163:$F$298,0))),"") -> Chưa có mail/PDF nào của NCC này (kiểm DB 27/10)
A17: 16 | B17: Công ty TNHH Phát triển công nghệ Thái Sơn | C17: 0101300842 | D17: Số 362, Phố Huế, phường Phố Huế quận Hai Bà Trưng, Tp Hà Nội | E17: https://www.einvoice.vn | F17: có captcha | G17: https://tracuutvan.einvoice.com.vn/ | H17: =IF(N17<>"OK","",IF(IF(O17="✓","Mã tra cứu|","")&IF(P17="✓","MST người bán|","")&IF(Q17="✓","MST người mua|","")&IF(R17="✓","Mẫu số / Ký hiệu|","")&IF(S17="✓","Số HĐ|","")&IF(T17="✓","Ngày lập|","")&IF(U17="✓","Tổng tiền|","")&IF(V17="✓","Mã CQT|","")&IF(W17="✓","Upload XML|","")&IF(X17="✓","Captcha ảnh|","")&IF(Y17="✓","Captcha dạng tích|","")&IF(Z17="✓","Captcha khác (slider/hình)|","")&IF(AA17="✓","Đăng nhập|","")&IF(AB17="✓","Email/SĐT/OTP|","")="","(không có tham số)",SUBSTITUTE(LEFT(IF(O17="✓","Mã tra cứu|","")&IF(P17="✓","MST người bán|","")&IF(Q17="✓","MST người mua|","")&IF(R17="✓","Mẫu số / Ký hiệu|","")&IF(S17="✓","Số HĐ|","")&IF(T17="✓","Ngày lập|","")&IF(U17="✓","Tổng tiền|","")&IF(V17="✓","Mã CQT|","")&IF(W17="✓","Upload XML|","")&IF(X17="✓","Captcha ảnh|","")&IF(Y17="✓","Captcha dạng tích|","")&IF(Z17="✓","Captcha khác (slider/hình)|","")&IF(AA17="✓","Đăng nhập|","")&IF(AB17="✓","Email/SĐT/OTP|",""),LEN(IF(O17="✓","Mã tra cứu|","")&IF(P17="✓","MST người bán|","")&IF(Q17="✓","MST người mua|","")&IF(R17="✓","Mẫu số / Ký hiệu|","")&IF(S17="✓","Số HĐ|","")&IF(T17="✓","Ngày lập|","")&IF(U17="✓","Tổng tiền|","")&IF(V17="✓","Mã CQT|","")&IF(W17="✓","Upload XML|","")&IF(X17="✓","Captcha ảnh|","")&IF(Y17="✓","Captcha dạng tích|","")&IF(Z17="✓","Captcha khác (slider/hình)|","")&IF(AA17="✓","Đăng nhập|","")&IF(AB17="✓","Email/SĐT/OTP|",""))-1),"|"," + "))) -> Mã tra cứu + MST người bán + Captcha ảnh | I17: Xong | K17: 0.8924 | L17: g_200x70 | N17: OK | O17: ✓ | P17: ✓ | X17: ✓ | AC17: 3 | AD17: ảnh 200x70 (/DefaultCaptcha/Generate, hiển thị 172x35) | AF17: Mã tra cứu ghi là 'Mã nhận hóa đơn' | AG17: https://tracuutvan.einvoice.com.vn/ | AJ17: =IFERROR(IF(INDEX('WBS2'!$I$2:$I$25,MATCH($C17,'WBS2'!$F$2:$F$25,0))="","",INDEX('WBS2'!$I$2:$I$25,MATCH($C17,'WBS2'!$F$2:$F$25,0))),"") -> Hoàn thành | AK17: =IFERROR(IF(INDEX('WBS2'!$I$27:$I$162,MATCH($C17,'WBS2'!$F$27:$F$162,0))="","",INDEX('WBS2'!$I$27:$I$162,MATCH($C17,'WBS2'!$F$27:$F$162,0))),"") -> Hoàn thành | AL17: =IFERROR(IF(OR($AK17="Chưa hoàn thành",$AK17="Sẵn sàng"),INDEX('WBS2'!$H$27:$H$162,MATCH($C17,'WBS2'!$F$27:$F$162,0)),""),"") | AM17: =IFERROR(IF(INDEX('WBS2'!$J$27:$J$162,MATCH($C17,'WBS2'!$F$27:$F$162,0))="","",INDEX('WBS2'!$J$27:$J$162,MATCH($C17,'WBS2'!$F$27:$F$162,0))),"") -> lấy được đa số, Grab không lấy được | AN17: =IFERROR(IF(INDEX('WBS2'!$I$163:$I$298,MATCH($C17,'WBS2'!$F$163:$F$298,0))="","",INDEX('WBS2'!$I$163:$I$298,MATCH($C17,'WBS2'!$F$163:$F$298,0))),"") -> Hoàn thành | AO17: =IFERROR(IF(OR($AN17="Chưa hoàn thành",$AN17="Sẵn sàng"),INDEX('WBS2'!$H$163:$H$298,MATCH($C17,'WBS2'!$F$163:$F$298,0)),""),"") | AP17: =IFERROR(IF(INDEX('WBS2'!$J$163:$J$298,MATCH($C17,'WBS2'!$F$163:$F$298,0))="","",INDEX('WBS2'!$J$163:$J$298,MATCH($C17,'WBS2'!$F$163:$F$298,0))),"")
A18: 17 | B18: Công ty TNHH Máy tính và truyền thông công nghệ kết nối | C18: 0306784030 | D18: 213/59/17 Quang Trung, phường 10, quận Gò Vấp, Tp Hồ Chí Minh | E18: https://ehoadon.online | F18: captcha dạng tích | G18: https://ehoadon.online/einvoice/lookup | H18: =IF(N18<>"OK","",IF(IF(O18="✓","Mã tra cứu|","")&IF(P18="✓","MST người bán|","")&IF(Q18="✓","MST người mua|","")&IF(R18="✓","Mẫu số / Ký hiệu|","")&IF(S18="✓","Số HĐ|","")&IF(T18="✓","Ngày lập|","")&IF(U18="✓","Tổng tiền|","")&IF(V18="✓","Mã CQT|","")&IF(W18="✓","Upload XML|","")&IF(X18="✓","Captcha ảnh|","")&IF(Y18="✓","Captcha dạng tích|","")&IF(Z18="✓","Captcha khác (slider/hình)|","")&IF(AA18="✓","Đăng nhập|","")&IF(AB18="✓","Email/SĐT/OTP|","")="","(không có tham số)",SUBSTITUTE(LEFT(IF(O18="✓","Mã tra cứu|","")&IF(P18="✓","MST người bán|","")&IF(Q18="✓","MST người mua|","")&IF(R18="✓","Mẫu số / Ký hiệu|","")&IF(S18="✓","Số HĐ|","")&IF(T18="✓","Ngày lập|","")&IF(U18="✓","Tổng tiền|","")&IF(V18="✓","Mã CQT|","")&IF(W18="✓","Upload XML|","")&IF(X18="✓","Captcha ảnh|","")&IF(Y18="✓","Captcha dạng tích|","")&IF(Z18="✓","Captcha khác (slider/hình)|","")&IF(AA18="✓","Đăng nhập|","")&IF(AB18="✓","Email/SĐT/OTP|",""),LEN(IF(O18="✓","Mã tra cứu|","")&IF(P18="✓","MST người bán|","")&IF(Q18="✓","MST người mua|","")&IF(R18="✓","Mẫu số / Ký hiệu|","")&IF(S18="✓","Số HĐ|","")&IF(T18="✓","Ngày lập|","")&IF(U18="✓","Tổng tiền|","")&IF(V18="✓","Mã CQT|","")&IF(W18="✓","Upload XML|","")&IF(X18="✓","Captcha ảnh|","")&IF(Y18="✓","Captcha dạng tích|","")&IF(Z18="✓","Captcha khác (slider/hình)|","")&IF(AA18="✓","Đăng nhập|","")&IF(AB18="✓","Email/SĐT/OTP|",""))-1),"|"," + "))) -> Mã tra cứu + MST người bán + Captcha dạng tích | N18: OK | O18: ✓ | P18: ✓ | Y18: ✓ | AC18: 3 | AD18: reCAPTCHA v2 checkbox (Enterprise) | AE18: Tab 'Tập tin XML': upload XML (cũng có reCAPTCHA) | AF18: MST đơn vị phát hành (bên bán) + mã tra cứu | AG18: https://ehoadon.online/einvoice/lookup | AJ18: =IFERROR(IF(INDEX('WBS2'!$I$2:$I$25,MATCH($C18,'WBS2'!$F$2:$F$25,0))="","",INDEX('WBS2'!$I$2:$I$25,MATCH($C18,'WBS2'!$F$2:$F$25,0))),"") | AK18: =IFERROR(IF(INDEX('WBS2'!$I$27:$I$162,MATCH($C18,'WBS2'!$F$27:$F$162,0))="","",INDEX('WBS2'!$I$27:$I$162,MATCH($C18,'WBS2'!$F$27:$F$162,0))),"") -> Chưa hoàn thành | AL18: =IFERROR(IF(OR($AK18="Chưa hoàn thành",$AK18="Sẵn sàng"),INDEX('WBS2'!$H$27:$H$162,MATCH($C18,'WBS2'!$F$27:$F$162,0)),""),"") -> 46446 | AM18: =IFERROR(IF(INDEX('WBS2'!$J$27:$J$162,MATCH($C18,'WBS2'!$F$27:$F$162,0))="","",INDEX('WBS2'!$J$27:$J$162,MATCH($C18,'WBS2'!$F$27:$F$162,0))),"") -> Không làm được qua link tra cứu – bị chặn bởi reCAPTCHA v2 (server kiểm), lấy qua mail. dính reCAPTCHA Enterprise | AN18: =IFERROR(IF(INDEX('WBS2'!$I$163:$I$298,MATCH($C18,'WBS2'!$F$163:$F$298,0))="","",INDEX('WBS2'!$I$163:$I$298,MATCH($C18,'WBS2'!$F$163:$F$298,0))),"") -> Chưa hoàn thành | AO18: =IFERROR(IF(OR($AN18="Chưa hoàn thành",$AN18="Sẵn sàng"),INDEX('WBS2'!$H$163:$H$298,MATCH($C18,'WBS2'!$F$163:$F$298,0)),""),"") -> 46446 | AP18: =IFERROR(IF(INDEX('WBS2'!$J$163:$J$298,MATCH($C18,'WBS2'!$F$163:$F$298,0))="","",INDEX('WBS2'!$J$163:$J$298,MATCH($C18,'WBS2'!$F$163:$F$298,0))),"") -> Chưa có mail/PDF nào của NCC này (kiểm DB 27/10)
A19: 18 | B19: Công ty Cổ phần công nghệ số và in đồ họa | C19: 0200638946 | D19: Số 15/616 đường Nguyễn Văn Linh, phường Vĩnh Niệm, quận Lê Chân, Tp Hải Phòng | E19: https://oinvoice.vn | F19: Không có captcha | G19: https://oinvoice.vn/tracuu/ | H19: =IF(N19<>"OK","",IF(IF(O19="✓","Mã tra cứu|","")&IF(P19="✓","MST người bán|","")&IF(Q19="✓","MST người mua|","")&IF(R19="✓","Mẫu số / Ký hiệu|","")&IF(S19="✓","Số HĐ|","")&IF(T19="✓","Ngày lập|","")&IF(U19="✓","Tổng tiền|","")&IF(V19="✓","Mã CQT|","")&IF(W19="✓","Upload XML|","")&IF(X19="✓","Captcha ảnh|","")&IF(Y19="✓","Captcha dạng tích|","")&IF(Z19="✓","Captcha khác (slider/hình)|","")&IF(AA19="✓","Đăng nhập|","")&IF(AB19="✓","Email/SĐT/OTP|","")="","(không có tham số)",SUBSTITUTE(LEFT(IF(O19="✓","Mã tra cứu|","")&IF(P19="✓","MST người bán|","")&IF(Q19="✓","MST người mua|","")&IF(R19="✓","Mẫu số / Ký hiệu|","")&IF(S19="✓","Số HĐ|","")&IF(T19="✓","Ngày lập|","")&IF(U19="✓","Tổng tiền|","")&IF(V19="✓","Mã CQT|","")&IF(W19="✓","Upload XML|","")&IF(X19="✓","Captcha ảnh|","")&IF(Y19="✓","Captcha dạng tích|","")&IF(Z19="✓","Captcha khác (slider/hình)|","")&IF(AA19="✓","Đăng nhập|","")&IF(AB19="✓","Email/SĐT/OTP|",""),LEN(IF(O19="✓","Mã tra cứu|","")&IF(P19="✓","MST người bán|","")&IF(Q19="✓","MST người mua|","")&IF(R19="✓","Mẫu số / Ký hiệu|","")&IF(S19="✓","Số HĐ|","")&IF(T19="✓","Ngày lập|","")&IF(U19="✓","Tổng tiền|","")&IF(V19="✓","Mã CQT|","")&IF(W19="✓","Upload XML|","")&IF(X19="✓","Captcha ảnh|","")&IF(Y19="✓","Captcha dạng tích|","")&IF(Z19="✓","Captcha khác (slider/hình)|","")&IF(AA19="✓","Đăng nhập|","")&IF(AB19="✓","Email/SĐT/OTP|",""))-1),"|"," + "))) -> Mã tra cứu + MST người bán | N19: OK | O19: ✓ | P19: ✓ | AC19: 2 | AD19: không có | AF19: Ô 'MST hóa đơn' (MST doanh nghiệp phát hành) + 'mã xác thực OIV' in trên HĐ | AG19: https://oinvoice.vn/tracuu/ | AJ19: =IFERROR(IF(INDEX('WBS2'!$I$2:$I$25,MATCH($C19,'WBS2'!$F$2:$F$25,0))="","",INDEX('WBS2'!$I$2:$I$25,MATCH($C19,'WBS2'!$F$2:$F$25,0))),"") | AK19: =IFERROR(IF(INDEX('WBS2'!$I$27:$I$162,MATCH($C19,'WBS2'!$F$27:$F$162,0))="","",INDEX('WBS2'!$I$27:$I$162,MATCH($C19,'WBS2'!$F$27:$F$162,0))),"") -> Chưa hoàn thành | AL19: =IFERROR(IF(OR($AK19="Chưa hoàn thành",$AK19="Sẵn sàng"),INDEX('WBS2'!$H$27:$H$162,MATCH($C19,'WBS2'!$F$27:$F$162,0)),""),"") -> 46446 | AM19: =IFERROR(IF(INDEX('WBS2'!$J$27:$J$162,MATCH($C19,'WBS2'!$F$27:$F$162,0))="","",INDEX('WBS2'!$J$27:$J$162,MATCH($C19,'WBS2'!$F$27:$F$162,0))),"") -> Không làm được qua link tra cứu – đại lý cổng FPT (reCAPTCHA v3), lấy qua mail. oinvoice.vn chuyển sang tracuuhoadon.fpt.com.vn; /api/search trả 500 invalid-input-response | AN19: =IFERROR(IF(INDEX('WBS2'!$I$163:$I$298,MATCH($C19,'WBS2'!$F$163:$F$298,0))="","",INDEX('WBS2'!$I$163:$I$298,MATCH($C19,'WBS2'!$F$163:$F$298,0))),"") -> Chưa hoàn thành | AO19: =IFERROR(IF(OR($AN19="Chưa hoàn thành",$AN19="Sẵn sàng"),INDEX('WBS2'!$H$163:$H$298,MATCH($C19,'WBS2'!$F$163:$F$298,0)),""),"") -> 46446 | AP19: =IFERROR(IF(INDEX('WBS2'!$J$163:$J$298,MATCH($C19,'WBS2'!$F$163:$F$298,0))="","",INDEX('WBS2'!$J$163:$J$298,MATCH($C19,'WBS2'!$F$163:$F$298,0))),"") -> Chưa có mail/PDF nào của NCC này (kiểm DB 27/10)
A20: 19 | B20: Công ty TNHH Win Tech Solution | C20: 0312303803 | D20: 16-18 Xuân Diệu, Phường 4, Quận Tân Bình, TP.HCM | E20: https://wininvoice.vn | F20: Không có captcha | G20: https://tracuu.wininvoice.vn/ | H20: =IF(N20<>"OK","",IF(IF(O20="✓","Mã tra cứu|","")&IF(P20="✓","MST người bán|","")&IF(Q20="✓","MST người mua|","")&IF(R20="✓","Mẫu số / Ký hiệu|","")&IF(S20="✓","Số HĐ|","")&IF(T20="✓","Ngày lập|","")&IF(U20="✓","Tổng tiền|","")&IF(V20="✓","Mã CQT|","")&IF(W20="✓","Upload XML|","")&IF(X20="✓","Captcha ảnh|","")&IF(Y20="✓","Captcha dạng tích|","")&IF(Z20="✓","Captcha khác (slider/hình)|","")&IF(AA20="✓","Đăng nhập|","")&IF(AB20="✓","Email/SĐT/OTP|","")="","(không có tham số)",SUBSTITUTE(LEFT(IF(O20="✓","Mã tra cứu|","")&IF(P20="✓","MST người bán|","")&IF(Q20="✓","MST người mua|","")&IF(R20="✓","Mẫu số / Ký hiệu|","")&IF(S20="✓","Số HĐ|","")&IF(T20="✓","Ngày lập|","")&IF(U20="✓","Tổng tiền|","")&IF(V20="✓","Mã CQT|","")&IF(W20="✓","Upload XML|","")&IF(X20="✓","Captcha ảnh|","")&IF(Y20="✓","Captcha dạng tích|","")&IF(Z20="✓","Captcha khác (slider/hình)|","")&IF(AA20="✓","Đăng nhập|","")&IF(AB20="✓","Email/SĐT/OTP|",""),LEN(IF(O20="✓","Mã tra cứu|","")&IF(P20="✓","MST người bán|","")&IF(Q20="✓","MST người mua|","")&IF(R20="✓","Mẫu số / Ký hiệu|","")&IF(S20="✓","Số HĐ|","")&IF(T20="✓","Ngày lập|","")&IF(U20="✓","Tổng tiền|","")&IF(V20="✓","Mã CQT|","")&IF(W20="✓","Upload XML|","")&IF(X20="✓","Captcha ảnh|","")&IF(Y20="✓","Captcha dạng tích|","")&IF(Z20="✓","Captcha khác (slider/hình)|","")&IF(AA20="✓","Đăng nhập|","")&IF(AB20="✓","Email/SĐT/OTP|",""))-1),"|"," + "))) -> Mã tra cứu | N20: OK | O20: ✓ | AC20: 1 | AD20: không có (có nạp recaptcha/api.js nhưng không render widget) | AE20: Nút 'Sử dụng tài khoản tra cứu': đăng nhập | AF20: Form có thêm ô 'Mã công ty' nhưng JS submit chỉ gửi privateCode tới /dcv_sys/search_inv | AG20: https://tracuu.wininvoice.vn/ | AJ20: =IFERROR(IF(INDEX('WBS2'!$I$2:$I$25,MATCH($C20,'WBS2'!$F$2:$F$25,0))="","",INDEX('WBS2'!$I$2:$I$25,MATCH($C20,'WBS2'!$F$2:$F$25,0))),"") | AK20: =IFERROR(IF(INDEX('WBS2'!$I$27:$I$162,MATCH($C20,'WBS2'!$F$27:$F$162,0))="","",INDEX('WBS2'!$I$27:$I$162,MATCH($C20,'WBS2'!$F$27:$F$162,0))),"") -> Hoàn thành | AL20: =IFERROR(IF(OR($AK20="Chưa hoàn thành",$AK20="Sẵn sàng"),INDEX('WBS2'!$H$27:$H$162,MATCH($C20,'WBS2'!$F$27:$F$162,0)),""),"") | AM20: =IFERROR(IF(INDEX('WBS2'!$J$27:$J$162,MATCH($C20,'WBS2'!$F$27:$F$162,0))="","",INDEX('WBS2'!$J$27:$J$162,MATCH($C20,'WBS2'!$F$27:$F$162,0))),"") | AN20: =IFERROR(IF(INDEX('WBS2'!$I$163:$I$298,MATCH($C20,'WBS2'!$F$163:$F$298,0))="","",INDEX('WBS2'!$I$163:$I$298,MATCH($C20,'WBS2'!$F$163:$F$298,0))),"") -> Hoàn thành | AO20: =IFERROR(IF(OR($AN20="Chưa hoàn thành",$AN20="Sẵn sàng"),INDEX('WBS2'!$H$163:$H$298,MATCH($C20,'WBS2'!$F$163:$F$298,0)),""),"") | AP20: =IFERROR(IF(INDEX('WBS2'!$J$163:$J$298,MATCH($C20,'WBS2'!$F$163:$F$298,0))="","",INDEX('WBS2'!$J$163:$J$298,MATCH($C20,'WBS2'!$F$163:$F$298,0))),"")
A21: 20 | B21: Tập đoàn Công nghiệp - Viễn thông quân đội | C21: 0100109106 | D21: Lô D26 Khu đô thị mới Cầu Giấy, Phường Yên Hòa, Quận Cầu Giấy, Tp Hà Nội | E21: https://viettel.vn/s-invoice | F21: dạng hình ảnh | G21: https://vinvoice.viettel.vn/utilities/invoice-search | H21: =IF(N21<>"OK","",IF(IF(O21="✓","Mã tra cứu|","")&IF(P21="✓","MST người bán|","")&IF(Q21="✓","MST người mua|","")&IF(R21="✓","Mẫu số / Ký hiệu|","")&IF(S21="✓","Số HĐ|","")&IF(T21="✓","Ngày lập|","")&IF(U21="✓","Tổng tiền|","")&IF(V21="✓","Mã CQT|","")&IF(W21="✓","Upload XML|","")&IF(X21="✓","Captcha ảnh|","")&IF(Y21="✓","Captcha dạng tích|","")&IF(Z21="✓","Captcha khác (slider/hình)|","")&IF(AA21="✓","Đăng nhập|","")&IF(AB21="✓","Email/SĐT/OTP|","")="","(không có tham số)",SUBSTITUTE(LEFT(IF(O21="✓","Mã tra cứu|","")&IF(P21="✓","MST người bán|","")&IF(Q21="✓","MST người mua|","")&IF(R21="✓","Mẫu số / Ký hiệu|","")&IF(S21="✓","Số HĐ|","")&IF(T21="✓","Ngày lập|","")&IF(U21="✓","Tổng tiền|","")&IF(V21="✓","Mã CQT|","")&IF(W21="✓","Upload XML|","")&IF(X21="✓","Captcha ảnh|","")&IF(Y21="✓","Captcha dạng tích|","")&IF(Z21="✓","Captcha khác (slider/hình)|","")&IF(AA21="✓","Đăng nhập|","")&IF(AB21="✓","Email/SĐT/OTP|",""),LEN(IF(O21="✓","Mã tra cứu|","")&IF(P21="✓","MST người bán|","")&IF(Q21="✓","MST người mua|","")&IF(R21="✓","Mẫu số / Ký hiệu|","")&IF(S21="✓","Số HĐ|","")&IF(T21="✓","Ngày lập|","")&IF(U21="✓","Tổng tiền|","")&IF(V21="✓","Mã CQT|","")&IF(W21="✓","Upload XML|","")&IF(X21="✓","Captcha ảnh|","")&IF(Y21="✓","Captcha dạng tích|","")&IF(Z21="✓","Captcha khác (slider/hình)|","")&IF(AA21="✓","Đăng nhập|","")&IF(AB21="✓","Email/SĐT/OTP|",""))-1),"|"," + "))) -> Mã tra cứu + MST người bán + Captcha khác (slider/hình) | N21: OK | O21: ✓ | P21: ✓ | Z21: ✓ | AC21: 3 | AD21: slider ghép hình (ảnh nền 300x150, mảnh 50x50, 'Trượt sang phải để hoàn thành hình ảnh') | AF21: SPA Angular; mã tra cứu = 'Mã số bí mật'; theo CLAUDE.md server không kiểm slider, project đã có adapter viettel | AG21: https://vinvoice.viettel.vn/utilities/invoice-search | AJ21: =IFERROR(IF(INDEX('WBS2'!$I$2:$I$25,MATCH($C21,'WBS2'!$F$2:$F$25,0))="","",INDEX('WBS2'!$I$2:$I$25,MATCH($C21,'WBS2'!$F$2:$F$25,0))),"") | AK21: =IFERROR(IF(INDEX('WBS2'!$I$27:$I$162,MATCH($C21,'WBS2'!$F$27:$F$162,0))="","",INDEX('WBS2'!$I$27:$I$162,MATCH($C21,'WBS2'!$F$27:$F$162,0))),"") -> Hoàn thành | AL21: =IFERROR(IF(OR($AK21="Chưa hoàn thành",$AK21="Sẵn sàng"),INDEX('WBS2'!$H$27:$H$162,MATCH($C21,'WBS2'!$F$27:$F$162,0)),""),"") | AM21: =IFERROR(IF(INDEX('WBS2'!$J$27:$J$162,MATCH($C21,'WBS2'!$F$27:$F$162,0))="","",INDEX('WBS2'!$J$27:$J$162,MATCH($C21,'WBS2'!$F$27:$F$162,0))),"") | AN21: =IFERROR(IF(INDEX('WBS2'!$I$163:$I$298,MATCH($C21,'WBS2'!$F$163:$F$298,0))="","",INDEX('WBS2'!$I$163:$I$298,MATCH($C21,'WBS2'!$F$163:$F$298,0))),"") -> Hoàn thành | AO21: =IFERROR(IF(OR($AN21="Chưa hoàn thành",$AN21="Sẵn sàng"),INDEX('WBS2'!$H$163:$H$298,MATCH($C21,'WBS2'!$F$163:$F$298,0)),""),"") | AP21: =IFERROR(IF(INDEX('WBS2'!$J$163:$J$298,MATCH($C21,'WBS2'!$F$163:$F$298,0))="","",INDEX('WBS2'!$J$163:$J$298,MATCH($C21,'WBS2'!$F$163:$F$298,0))),"")
A22: 21 | B22: Công ty Cổ phần Công nghệ thông tin Đông Nam Á | C22: 0102454468 | D22: Phòng 112, tầng 11, Tòa nhà Viglacera, Phường Mễ Trì, Quận Nam Từ Liêm, Tp Hà Nội, Việt Nam | E22: https://tax24.com.vn/thuedientu/san-pham-dich-vu/hoa-don-dien-tu. | F22: có captcha | G22: https://tax24.com.vn/einvoice/servlet/ImageServlet | H22: =IF(N22<>"OK","",IF(IF(O22="✓","Mã tra cứu|","")&IF(P22="✓","MST người bán|","")&IF(Q22="✓","MST người mua|","")&IF(R22="✓","Mẫu số / Ký hiệu|","")&IF(S22="✓","Số HĐ|","")&IF(T22="✓","Ngày lập|","")&IF(U22="✓","Tổng tiền|","")&IF(V22="✓","Mã CQT|","")&IF(W22="✓","Upload XML|","")&IF(X22="✓","Captcha ảnh|","")&IF(Y22="✓","Captcha dạng tích|","")&IF(Z22="✓","Captcha khác (slider/hình)|","")&IF(AA22="✓","Đăng nhập|","")&IF(AB22="✓","Email/SĐT/OTP|","")="","(không có tham số)",SUBSTITUTE(LEFT(IF(O22="✓","Mã tra cứu|","")&IF(P22="✓","MST người bán|","")&IF(Q22="✓","MST người mua|","")&IF(R22="✓","Mẫu số / Ký hiệu|","")&IF(S22="✓","Số HĐ|","")&IF(T22="✓","Ngày lập|","")&IF(U22="✓","Tổng tiền|","")&IF(V22="✓","Mã CQT|","")&IF(W22="✓","Upload XML|","")&IF(X22="✓","Captcha ảnh|","")&IF(Y22="✓","Captcha dạng tích|","")&IF(Z22="✓","Captcha khác (slider/hình)|","")&IF(AA22="✓","Đăng nhập|","")&IF(AB22="✓","Email/SĐT/OTP|",""),LEN(IF(O22="✓","Mã tra cứu|","")&IF(P22="✓","MST người bán|","")&IF(Q22="✓","MST người mua|","")&IF(R22="✓","Mẫu số / Ký hiệu|","")&IF(S22="✓","Số HĐ|","")&IF(T22="✓","Ngày lập|","")&IF(U22="✓","Tổng tiền|","")&IF(V22="✓","Mã CQT|","")&IF(W22="✓","Upload XML|","")&IF(X22="✓","Captcha ảnh|","")&IF(Y22="✓","Captcha dạng tích|","")&IF(Z22="✓","Captcha khác (slider/hình)|","")&IF(AA22="✓","Đăng nhập|","")&IF(AB22="✓","Email/SĐT/OTP|",""))-1),"|"," + "))) -> Mã tra cứu + Captcha ảnh | I22: Xong | K22: 1 | L22: g_180x50_tax24 | N22: OK | O22: ✓ | X22: ✓ | AC22: 2 | AD22: ảnh 180x50 (/thuedientu/servlet/ImageServlet, hiển thị 68x19) | AE22: 'Kiểm tra hóa đơn' (/thuedientu/xac-minh-chu-ky-so): upload .xml/.inv; /einvoice/: đăng nhập tài khoản + captcha ảnh cùng servlet | AF22: Link trong danh sách là ảnh captcha của trang đăng nhập /einvoice/; form tra cứu thật là 'Xác minh hóa đơn Tax24' (ô 'Mã xác minh hóa đơn'); trang web trong danh sách trả 404 | AG22: https://tax24.com.vn/thuedientu/xac-minh-hoa-don | AJ22: =IFERROR(IF(INDEX('WBS2'!$I$2:$I$25,MATCH($C22,'WBS2'!$F$2:$F$25,0))="","",INDEX('WBS2'!$I$2:$I$25,MATCH($C22,'WBS2'!$F$2:$F$25,0))),"") -> Hoàn thành | AK22: =IFERROR(IF(INDEX('WBS2'!$I$27:$I$162,MATCH($C22,'WBS2'!$F$27:$F$162,0))="","",INDEX('WBS2'!$I$27:$I$162,MATCH($C22,'WBS2'!$F$27:$F$162,0))),"") -> Chưa hoàn thành | AL22: =IFERROR(IF(OR($AK22="Chưa hoàn thành",$AK22="Sẵn sàng"),INDEX('WBS2'!$H$27:$H$162,MATCH($C22,'WBS2'!$F$27:$F$162,0)),""),"") -> 46446 | AM22: =IFERROR(IF(INDEX('WBS2'!$J$27:$J$162,MATCH($C22,'WBS2'!$F$27:$F$162,0))="","",INDEX('WBS2'!$J$27:$J$162,MATCH($C22,'WBS2'!$F$27:$F$162,0))),"") -> Không làm được qua link tra cứu – phải đăng nhập. tax24.com.vn/einvoice là cổng đăng nhập doanh nghiệp, không có tra cứu công khai | AN22: =IFERROR(IF(INDEX('WBS2'!$I$163:$I$298,MATCH($C22,'WBS2'!$F$163:$F$298,0))="","",INDEX('WBS2'!$I$163:$I$298,MATCH($C22,'WBS2'!$F$163:$F$298,0))),"") -> Chưa hoàn thành | AO22: =IFERROR(IF(OR($AN22="Chưa hoàn thành",$AN22="Sẵn sàng"),INDEX('WBS2'!$H$163:$H$298,MATCH($C22,'WBS2'!$F$163:$F$298,0)),""),"") -> 46477 | AP22: =IFERROR(IF(INDEX('WBS2'!$J$163:$J$298,MATCH($C22,'WBS2'!$F$163:$F$298,0))="","",INDEX('WBS2'!$J$163:$J$298,MATCH($C22,'WBS2'!$F$163:$F$298,0))),"") -> Chưa có mail/PDF nào của NCC này (kiểm DB 27/10)
A23: 22 | B23: Công ty Cổ phần hóa đơn điện tử New-Invoice | C23: 0105937449 | D23: Lô 73, khu tập thể Trung tâm Chỉnh Hình, phường Yên Hòa, quận Cầu Giấy, Tp Hà Nội | E23: https://newinvoice.com.vn | F23: Không có captcha | G23: https://newinvoice.com.vn/tra-cuu/ | H23: =IF(N23<>"OK","",IF(IF(O23="✓","Mã tra cứu|","")&IF(P23="✓","MST người bán|","")&IF(Q23="✓","MST người mua|","")&IF(R23="✓","Mẫu số / Ký hiệu|","")&IF(S23="✓","Số HĐ|","")&IF(T23="✓","Ngày lập|","")&IF(U23="✓","Tổng tiền|","")&IF(V23="✓","Mã CQT|","")&IF(W23="✓","Upload XML|","")&IF(X23="✓","Captcha ảnh|","")&IF(Y23="✓","Captcha dạng tích|","")&IF(Z23="✓","Captcha khác (slider/hình)|","")&IF(AA23="✓","Đăng nhập|","")&IF(AB23="✓","Email/SĐT/OTP|","")="","(không có tham số)",SUBSTITUTE(LEFT(IF(O23="✓","Mã tra cứu|","")&IF(P23="✓","MST người bán|","")&IF(Q23="✓","MST người mua|","")&IF(R23="✓","Mẫu số / Ký hiệu|","")&IF(S23="✓","Số HĐ|","")&IF(T23="✓","Ngày lập|","")&IF(U23="✓","Tổng tiền|","")&IF(V23="✓","Mã CQT|","")&IF(W23="✓","Upload XML|","")&IF(X23="✓","Captcha ảnh|","")&IF(Y23="✓","Captcha dạng tích|","")&IF(Z23="✓","Captcha khác (slider/hình)|","")&IF(AA23="✓","Đăng nhập|","")&IF(AB23="✓","Email/SĐT/OTP|",""),LEN(IF(O23="✓","Mã tra cứu|","")&IF(P23="✓","MST người bán|","")&IF(Q23="✓","MST người mua|","")&IF(R23="✓","Mẫu số / Ký hiệu|","")&IF(S23="✓","Số HĐ|","")&IF(T23="✓","Ngày lập|","")&IF(U23="✓","Tổng tiền|","")&IF(V23="✓","Mã CQT|","")&IF(W23="✓","Upload XML|","")&IF(X23="✓","Captcha ảnh|","")&IF(Y23="✓","Captcha dạng tích|","")&IF(Z23="✓","Captcha khác (slider/hình)|","")&IF(AA23="✓","Đăng nhập|","")&IF(AB23="✓","Email/SĐT/OTP|",""))-1),"|"," + "))) -> Mã tra cứu + Captcha dạng tích | N23: OK | O23: ✓ | Y23: ✓ | AC23: 2 | AD23: reCAPTCHA v2 checkbox | AE23: Tab 'Kiểm tra file XML': upload XML (cùng widget reCAPTCHA v2); Tab 'Tra cứu danh sách hóa đơn': phải đăng nhập MST + mật khẩu | AF23: Tab mặc định 'Tra cứu mã hóa đơn' chỉ có 1 ô mã tra cứu | AG23: https://newinvoice.com.vn/tra-cuu/ | AJ23: =IFERROR(IF(INDEX('WBS2'!$I$2:$I$25,MATCH($C23,'WBS2'!$F$2:$F$25,0))="","",INDEX('WBS2'!$I$2:$I$25,MATCH($C23,'WBS2'!$F$2:$F$25,0))),"") | AK23: =IFERROR(IF(INDEX('WBS2'!$I$27:$I$162,MATCH($C23,'WBS2'!$F$27:$F$162,0))="","",INDEX('WBS2'!$I$27:$I$162,MATCH($C23,'WBS2'!$F$27:$F$162,0))),"") -> Chưa hoàn thành | AL23: =IFERROR(IF(OR($AK23="Chưa hoàn thành",$AK23="Sẵn sàng"),INDEX('WBS2'!$H$27:$H$162,MATCH($C23,'WBS2'!$F$27:$F$162,0)),""),"") -> 46477 | AM23: =IFERROR(IF(INDEX('WBS2'!$J$27:$J$162,MATCH($C23,'WBS2'!$F$27:$F$162,0))="","",INDEX('WBS2'!$J$27:$J$162,MATCH($C23,'WBS2'!$F$27:$F$162,0))),"") -> Không làm được qua link tra cứu – bị chặn bởi reCAPTCHA v2 (server kiểm), lấy qua mail. newinvoice.com.vn | AN23: =IFERROR(IF(INDEX('WBS2'!$I$163:$I$298,MATCH($C23,'WBS2'!$F$163:$F$298,0))="","",INDEX('WBS2'!$I$163:$I$298,MATCH($C23,'WBS2'!$F$163:$F$298,0))),"") -> Chưa hoàn thành | AO23: =IFERROR(IF(OR($AN23="Chưa hoàn thành",$AN23="Sẵn sàng"),INDEX('WBS2'!$H$163:$H$298,MATCH($C23,'WBS2'!$F$163:$F$298,0)),""),"") -> 46477 | AP23: =IFERROR(IF(INDEX('WBS2'!$J$163:$J$298,MATCH($C23,'WBS2'!$F$163:$F$298,0))="","",INDEX('WBS2'!$J$163:$J$298,MATCH($C23,'WBS2'!$F$163:$F$298,0))),"") -> Chưa có mail/PDF nào của NCC này (kiểm DB 27/10)
A24: 23 | B24: Công ty Cổ phần Giải pháp phần mềm 3A | C24: 0108516079 | D24: Số 1A, ngõ 343, đường An Dương Vương, phường Phú Thượng, quận Tây Hồ, Tp Hà Nội | E24: http://3asoft.vn | F24: Không có captcha | G24: http://hddt.3asoft.vn/ | H24: =IF(N24<>"OK","",IF(IF(O24="✓","Mã tra cứu|","")&IF(P24="✓","MST người bán|","")&IF(Q24="✓","MST người mua|","")&IF(R24="✓","Mẫu số / Ký hiệu|","")&IF(S24="✓","Số HĐ|","")&IF(T24="✓","Ngày lập|","")&IF(U24="✓","Tổng tiền|","")&IF(V24="✓","Mã CQT|","")&IF(W24="✓","Upload XML|","")&IF(X24="✓","Captcha ảnh|","")&IF(Y24="✓","Captcha dạng tích|","")&IF(Z24="✓","Captcha khác (slider/hình)|","")&IF(AA24="✓","Đăng nhập|","")&IF(AB24="✓","Email/SĐT/OTP|","")="","(không có tham số)",SUBSTITUTE(LEFT(IF(O24="✓","Mã tra cứu|","")&IF(P24="✓","MST người bán|","")&IF(Q24="✓","MST người mua|","")&IF(R24="✓","Mẫu số / Ký hiệu|","")&IF(S24="✓","Số HĐ|","")&IF(T24="✓","Ngày lập|","")&IF(U24="✓","Tổng tiền|","")&IF(V24="✓","Mã CQT|","")&IF(W24="✓","Upload XML|","")&IF(X24="✓","Captcha ảnh|","")&IF(Y24="✓","Captcha dạng tích|","")&IF(Z24="✓","Captcha khác (slider/hình)|","")&IF(AA24="✓","Đăng nhập|","")&IF(AB24="✓","Email/SĐT/OTP|",""),LEN(IF(O24="✓","Mã tra cứu|","")&IF(P24="✓","MST người bán|","")&IF(Q24="✓","MST người mua|","")&IF(R24="✓","Mẫu số / Ký hiệu|","")&IF(S24="✓","Số HĐ|","")&IF(T24="✓","Ngày lập|","")&IF(U24="✓","Tổng tiền|","")&IF(V24="✓","Mã CQT|","")&IF(W24="✓","Upload XML|","")&IF(X24="✓","Captcha ảnh|","")&IF(Y24="✓","Captcha dạng tích|","")&IF(Z24="✓","Captcha khác (slider/hình)|","")&IF(AA24="✓","Đăng nhập|","")&IF(AB24="✓","Email/SĐT/OTP|",""))-1),"|"," + "))) -> Mã tra cứu + MST người bán + Số HĐ | N24: OK | O24: ✓ | P24: ✓ | S24: ✓ | AC24: 3 | AD24: không có | AF24: Form POST /Home/Search gồm Mã tìm kiếm + Số hóa đơn + Mã số thuế (ô MST không ghi rõ bên bán hay mua, đoán là bên bán); có honeypot ẩn form_botcheck; chỉ chạy http | AG24: http://hddt.3asoft.vn/ | AJ24: =IFERROR(IF(INDEX('WBS2'!$I$2:$I$25,MATCH($C24,'WBS2'!$F$2:$F$25,0))="","",INDEX('WBS2'!$I$2:$I$25,MATCH($C24,'WBS2'!$F$2:$F$25,0))),"") | AK24: =IFERROR(IF(INDEX('WBS2'!$I$27:$I$162,MATCH($C24,'WBS2'!$F$27:$F$162,0))="","",INDEX('WBS2'!$I$27:$I$162,MATCH($C24,'WBS2'!$F$27:$F$162,0))),"") -> Chưa hoàn thành | AL24: =IFERROR(IF(OR($AK24="Chưa hoàn thành",$AK24="Sẵn sàng"),INDEX('WBS2'!$H$27:$H$162,MATCH($C24,'WBS2'!$F$27:$F$162,0)),""),"") -> 46446 | AM24: =IFERROR(IF(INDEX('WBS2'!$J$27:$J$162,MATCH($C24,'WBS2'!$F$27:$F$162,0))="","",INDEX('WBS2'!$J$27:$J$162,MATCH($C24,'WBS2'!$F$27:$F$162,0))),"") -> Chưa làm. hddt.3asoft.vn: mtk + shd + mst, không captcha | AN24: =IFERROR(IF(INDEX('WBS2'!$I$163:$I$298,MATCH($C24,'WBS2'!$F$163:$F$298,0))="","",INDEX('WBS2'!$I$163:$I$298,MATCH($C24,'WBS2'!$F$163:$F$298,0))),"") -> Chưa hoàn thành | AO24: =IFERROR(IF(OR($AN24="Chưa hoàn thành",$AN24="Sẵn sàng"),INDEX('WBS2'!$H$163:$H$298,MATCH($C24,'WBS2'!$F$163:$F$298,0)),""),"") -> 46446 | AP24: =IFERROR(IF(INDEX('WBS2'!$J$163:$J$298,MATCH($C24,'WBS2'!$F$163:$F$298,0))="","",INDEX('WBS2'!$J$163:$J$298,MATCH($C24,'WBS2'!$F$163:$F$298,0))),"") -> Chưa có mail/PDF nào của NCC này (kiểm DB 27/10)
A25: 24 | B25: Tổng công ty Viễn thông Mobifone | C25: 0100686209 | D25: Số 01 phố Phạm Văn Bạch, phường Yên Hòa, quận Cầu Giấy, Tp Hà Nội | E25: https://itc.mobifone.vn/giai_phap/mobifone-invoice | F25: Không có captcha | G25: http://tracuuhoadon.mobifoneinvoice.vn/ | H25: =IF(N25<>"OK","",IF(IF(O25="✓","Mã tra cứu|","")&IF(P25="✓","MST người bán|","")&IF(Q25="✓","MST người mua|","")&IF(R25="✓","Mẫu số / Ký hiệu|","")&IF(S25="✓","Số HĐ|","")&IF(T25="✓","Ngày lập|","")&IF(U25="✓","Tổng tiền|","")&IF(V25="✓","Mã CQT|","")&IF(W25="✓","Upload XML|","")&IF(X25="✓","Captcha ảnh|","")&IF(Y25="✓","Captcha dạng tích|","")&IF(Z25="✓","Captcha khác (slider/hình)|","")&IF(AA25="✓","Đăng nhập|","")&IF(AB25="✓","Email/SĐT/OTP|","")="","(không có tham số)",SUBSTITUTE(LEFT(IF(O25="✓","Mã tra cứu|","")&IF(P25="✓","MST người bán|","")&IF(Q25="✓","MST người mua|","")&IF(R25="✓","Mẫu số / Ký hiệu|","")&IF(S25="✓","Số HĐ|","")&IF(T25="✓","Ngày lập|","")&IF(U25="✓","Tổng tiền|","")&IF(V25="✓","Mã CQT|","")&IF(W25="✓","Upload XML|","")&IF(X25="✓","Captcha ảnh|","")&IF(Y25="✓","Captcha dạng tích|","")&IF(Z25="✓","Captcha khác (slider/hình)|","")&IF(AA25="✓","Đăng nhập|","")&IF(AB25="✓","Email/SĐT/OTP|",""),LEN(IF(O25="✓","Mã tra cứu|","")&IF(P25="✓","MST người bán|","")&IF(Q25="✓","MST người mua|","")&IF(R25="✓","Mẫu số / Ký hiệu|","")&IF(S25="✓","Số HĐ|","")&IF(T25="✓","Ngày lập|","")&IF(U25="✓","Tổng tiền|","")&IF(V25="✓","Mã CQT|","")&IF(W25="✓","Upload XML|","")&IF(X25="✓","Captcha ảnh|","")&IF(Y25="✓","Captcha dạng tích|","")&IF(Z25="✓","Captcha khác (slider/hình)|","")&IF(AA25="✓","Đăng nhập|","")&IF(AB25="✓","Email/SĐT/OTP|",""))-1),"|"," + "))) -> Mã tra cứu + MST người bán | N25: OK | O25: ✓ | P25: ✓ | AC25: 2 | AD25: không có | AE25: 'Kiểm tra hóa đơn' (/TraCuu/Upload): upload file XML; 'Tra cứu Doanh nghiệp' (/dang-nhap): đăng nhập | AF25: Form: 'Mã đơn vị' (*) + 'Số bảo mật' (*); 'Mã đơn vị' coi là MST người bán; chỉ chạy http | AG25: http://tracuuhoadon.mobifoneinvoice.vn/ | AJ25: =IFERROR(IF(INDEX('WBS2'!$I$2:$I$25,MATCH($C25,'WBS2'!$F$2:$F$25,0))="","",INDEX('WBS2'!$I$2:$I$25,MATCH($C25,'WBS2'!$F$2:$F$25,0))),"") | AK25: =IFERROR(IF(INDEX('WBS2'!$I$27:$I$162,MATCH($C25,'WBS2'!$F$27:$F$162,0))="","",INDEX('WBS2'!$I$27:$I$162,MATCH($C25,'WBS2'!$F$27:$F$162,0))),"") -> Hoàn thành | AL25: =IFERROR(IF(OR($AK25="Chưa hoàn thành",$AK25="Sẵn sàng"),INDEX('WBS2'!$H$27:$H$162,MATCH($C25,'WBS2'!$F$27:$F$162,0)),""),"") | AM25: =IFERROR(IF(INDEX('WBS2'!$J$27:$J$162,MATCH($C25,'WBS2'!$F$27:$F$162,0))="","",INDEX('WBS2'!$J$27:$J$162,MATCH($C25,'WBS2'!$F$27:$F$162,0))),"") | AN25: =IFERROR(IF(INDEX('WBS2'!$I$163:$I$298,MATCH($C25,'WBS2'!$F$163:$F$298,0))="","",INDEX('WBS2'!$I$163:$I$298,MATCH($C25,'WBS2'!$F$163:$F$298,0))),"") -> Hoàn thành | AO25: =IFERROR(IF(OR($AN25="Chưa hoàn thành",$AN25="Sẵn sàng"),INDEX('WBS2'!$H$163:$H$298,MATCH($C25,'WBS2'!$F$163:$F$298,0)),""),"") | AP25: =IFERROR(IF(INDEX('WBS2'!$J$163:$J$298,MATCH($C25,'WBS2'!$F$163:$F$298,0))="","",INDEX('WBS2'!$J$163:$J$298,MATCH($C25,'WBS2'!$F$163:$F$298,0))),"")
A26: 25 | B26: Công ty Cổ phần BKAV | C26: 0101360697 | D26: Tầng 2, tòa nhà HH1 - Khu đô thị Yên Hòa, phường Yên Hòa, quận Cầu Giấy, Tp Hà Nội | E26: https://van.ehoadon.vn | F26: Không có captcha | G26: https://van.ehoadon.vn/TCHD | H26: =IF(N26<>"OK","",IF(IF(O26="✓","Mã tra cứu|","")&IF(P26="✓","MST người bán|","")&IF(Q26="✓","MST người mua|","")&IF(R26="✓","Mẫu số / Ký hiệu|","")&IF(S26="✓","Số HĐ|","")&IF(T26="✓","Ngày lập|","")&IF(U26="✓","Tổng tiền|","")&IF(V26="✓","Mã CQT|","")&IF(W26="✓","Upload XML|","")&IF(X26="✓","Captcha ảnh|","")&IF(Y26="✓","Captcha dạng tích|","")&IF(Z26="✓","Captcha khác (slider/hình)|","")&IF(AA26="✓","Đăng nhập|","")&IF(AB26="✓","Email/SĐT/OTP|","")="","(không có tham số)",SUBSTITUTE(LEFT(IF(O26="✓","Mã tra cứu|","")&IF(P26="✓","MST người bán|","")&IF(Q26="✓","MST người mua|","")&IF(R26="✓","Mẫu số / Ký hiệu|","")&IF(S26="✓","Số HĐ|","")&IF(T26="✓","Ngày lập|","")&IF(U26="✓","Tổng tiền|","")&IF(V26="✓","Mã CQT|","")&IF(W26="✓","Upload XML|","")&IF(X26="✓","Captcha ảnh|","")&IF(Y26="✓","Captcha dạng tích|","")&IF(Z26="✓","Captcha khác (slider/hình)|","")&IF(AA26="✓","Đăng nhập|","")&IF(AB26="✓","Email/SĐT/OTP|",""),LEN(IF(O26="✓","Mã tra cứu|","")&IF(P26="✓","MST người bán|","")&IF(Q26="✓","MST người mua|","")&IF(R26="✓","Mẫu số / Ký hiệu|","")&IF(S26="✓","Số HĐ|","")&IF(T26="✓","Ngày lập|","")&IF(U26="✓","Tổng tiền|","")&IF(V26="✓","Mã CQT|","")&IF(W26="✓","Upload XML|","")&IF(X26="✓","Captcha ảnh|","")&IF(Y26="✓","Captcha dạng tích|","")&IF(Z26="✓","Captcha khác (slider/hình)|","")&IF(AA26="✓","Đăng nhập|","")&IF(AB26="✓","Email/SĐT/OTP|",""))-1),"|"," + "))) -> Mã tra cứu + Captcha dạng tích | N26: OK | O26: ✓ | Y26: ✓ | AC26: 2 | AD26: reCAPTCHA v2 checkbox | AE26: Upload file XML (fuXMLUpload) trên cùng trang | AF26: ASP.NET WebForms; ô 'Mã tra cứu Hóa đơn'. Adapter bkav trong project dùng InvoiceGUID qua API khác, không qua form này | AG26: https://van.ehoadon.vn/TCHD | AJ26: =IFERROR(IF(INDEX('WBS2'!$I$2:$I$25,MATCH($C26,'WBS2'!$F$2:$F$25,0))="","",INDEX('WBS2'!$I$2:$I$25,MATCH($C26,'WBS2'!$F$2:$F$25,0))),"") | AK26: =IFERROR(IF(INDEX('WBS2'!$I$27:$I$162,MATCH($C26,'WBS2'!$F$27:$F$162,0))="","",INDEX('WBS2'!$I$27:$I$162,MATCH($C26,'WBS2'!$F$27:$F$162,0))),"") -> Hoàn thành | AL26: =IFERROR(IF(OR($AK26="Chưa hoàn thành",$AK26="Sẵn sàng"),INDEX('WBS2'!$H$27:$H$162,MATCH($C26,'WBS2'!$F$27:$F$162,0)),""),"") | AM26: =IFERROR(IF(INDEX('WBS2'!$J$27:$J$162,MATCH($C26,'WBS2'!$F$27:$F$162,0))="","",INDEX('WBS2'!$J$27:$J$162,MATCH($C26,'WBS2'!$F$27:$F$162,0))),"") | AN26: =IFERROR(IF(INDEX('WBS2'!$I$163:$I$298,MATCH($C26,'WBS2'!$F$163:$F$298,0))="","",INDEX('WBS2'!$I$163:$I$298,MATCH($C26,'WBS2'!$F$163:$F$298,0))),"") -> Hoàn thành | AO26: =IFERROR(IF(OR($AN26="Chưa hoàn thành",$AN26="Sẵn sàng"),INDEX('WBS2'!$H$163:$H$298,MATCH($C26,'WBS2'!$F$163:$F$298,0)),""),"") | AP26: =IFERROR(IF(INDEX('WBS2'!$J$163:$J$298,MATCH($C26,'WBS2'!$F$163:$F$298,0))="","",INDEX('WBS2'!$J$163:$J$298,MATCH($C26,'WBS2'!$F$163:$F$298,0))),"")
A27: 26 | B27: Công ty Cổ phần phát triển phần mềm ASIA | C27: 0101162173 | D27: Số 6 Vũ Ngọc Phan, phường Láng Hạ, quận Đống Đa, Tp Hà Nội | E27: https://asiainvoice.vn | F27: có captcha | G27: https://asiainvoice.vn/tra-cuu/GetCaptcha | H27: =IF(N27<>"OK","",IF(IF(O27="✓","Mã tra cứu|","")&IF(P27="✓","MST người bán|","")&IF(Q27="✓","MST người mua|","")&IF(R27="✓","Mẫu số / Ký hiệu|","")&IF(S27="✓","Số HĐ|","")&IF(T27="✓","Ngày lập|","")&IF(U27="✓","Tổng tiền|","")&IF(V27="✓","Mã CQT|","")&IF(W27="✓","Upload XML|","")&IF(X27="✓","Captcha ảnh|","")&IF(Y27="✓","Captcha dạng tích|","")&IF(Z27="✓","Captcha khác (slider/hình)|","")&IF(AA27="✓","Đăng nhập|","")&IF(AB27="✓","Email/SĐT/OTP|","")="","(không có tham số)",SUBSTITUTE(LEFT(IF(O27="✓","Mã tra cứu|","")&IF(P27="✓","MST người bán|","")&IF(Q27="✓","MST người mua|","")&IF(R27="✓","Mẫu số / Ký hiệu|","")&IF(S27="✓","Số HĐ|","")&IF(T27="✓","Ngày lập|","")&IF(U27="✓","Tổng tiền|","")&IF(V27="✓","Mã CQT|","")&IF(W27="✓","Upload XML|","")&IF(X27="✓","Captcha ảnh|","")&IF(Y27="✓","Captcha dạng tích|","")&IF(Z27="✓","Captcha khác (slider/hình)|","")&IF(AA27="✓","Đăng nhập|","")&IF(AB27="✓","Email/SĐT/OTP|",""),LEN(IF(O27="✓","Mã tra cứu|","")&IF(P27="✓","MST người bán|","")&IF(Q27="✓","MST người mua|","")&IF(R27="✓","Mẫu số / Ký hiệu|","")&IF(S27="✓","Số HĐ|","")&IF(T27="✓","Ngày lập|","")&IF(U27="✓","Tổng tiền|","")&IF(V27="✓","Mã CQT|","")&IF(W27="✓","Upload XML|","")&IF(X27="✓","Captcha ảnh|","")&IF(Y27="✓","Captcha dạng tích|","")&IF(Z27="✓","Captcha khác (slider/hình)|","")&IF(AA27="✓","Đăng nhập|","")&IF(AB27="✓","Email/SĐT/OTP|",""))-1),"|"," + "))) -> Mã tra cứu + Captcha ảnh | I27: Xong | K27: 0 | L27: g_150x30 | N27: OK | O27: ✓ | X27: ✓ | AC27: 2 | AD27: ảnh 150x30 (/tra-cuu/GetCaptcha), ô 'Mã xác thực' | AE27: Tab 'Từ file': upload file XML; nút 'Đăng nhập' -> tracuu.asiainvoice.vn | AF27: Link trong danh sách là endpoint captcha; form thật ở /tra-cuu. Ô 'Mã tra cứu' có name=FKey | AG27: https://asiainvoice.vn/tra-cuu | AJ27: =IFERROR(IF(INDEX('WBS2'!$I$2:$I$25,MATCH($C27,'WBS2'!$F$2:$F$25,0))="","",INDEX('WBS2'!$I$2:$I$25,MATCH($C27,'WBS2'!$F$2:$F$25,0))),"") -> Đang training | AK27: =IFERROR(IF(INDEX('WBS2'!$I$27:$I$162,MATCH($C27,'WBS2'!$F$27:$F$162,0))="","",INDEX('WBS2'!$I$27:$I$162,MATCH($C27,'WBS2'!$F$27:$F$162,0))),"") -> Hoàn thành | AL27: =IFERROR(IF(OR($AK27="Chưa hoàn thành",$AK27="Sẵn sàng"),INDEX('WBS2'!$H$27:$H$162,MATCH($C27,'WBS2'!$F$27:$F$162,0)),""),"") | AM27: =IFERROR(IF(INDEX('WBS2'!$J$27:$J$162,MATCH($C27,'WBS2'!$F$27:$F$162,0))="","",INDEX('WBS2'!$J$27:$J$162,MATCH($C27,'WBS2'!$F$27:$F$162,0))),"") | AN27: =IFERROR(IF(INDEX('WBS2'!$I$163:$I$298,MATCH($C27,'WBS2'!$F$163:$F$298,0))="","",INDEX('WBS2'!$I$163:$I$298,MATCH($C27,'WBS2'!$F$163:$F$298,0))),"") -> Hoàn thành | AO27: =IFERROR(IF(OR($AN27="Chưa hoàn thành",$AN27="Sẵn sàng"),INDEX('WBS2'!$H$163:$H$298,MATCH($C27,'WBS2'!$F$163:$F$298,0)),""),"") | AP27: =IFERROR(IF(INDEX('WBS2'!$J$163:$J$298,MATCH($C27,'WBS2'!$F$163:$F$298,0))="","",INDEX('WBS2'!$J$163:$J$298,MATCH($C27,'WBS2'!$F$163:$F$298,0))),"")
A28: 27 | B28: Công ty Cổ phần thương mại Visnam | C28: 0401486901 | D28: Số 33 đường Hải Hồ, phường Thanh Bình, quận Hải Châu, Tp Đà Nẵng | E28: https://vin-hoadon.com | F28: có captcha | G28: https://tracuu.vin-hoadon.com/api/services/hddt/TraCuuHoaDon/RefreshCaptcha | H28: =IF(N28<>"OK","",IF(IF(O28="✓","Mã tra cứu|","")&IF(P28="✓","MST người bán|","")&IF(Q28="✓","MST người mua|","")&IF(R28="✓","Mẫu số / Ký hiệu|","")&IF(S28="✓","Số HĐ|","")&IF(T28="✓","Ngày lập|","")&IF(U28="✓","Tổng tiền|","")&IF(V28="✓","Mã CQT|","")&IF(W28="✓","Upload XML|","")&IF(X28="✓","Captcha ảnh|","")&IF(Y28="✓","Captcha dạng tích|","")&IF(Z28="✓","Captcha khác (slider/hình)|","")&IF(AA28="✓","Đăng nhập|","")&IF(AB28="✓","Email/SĐT/OTP|","")="","(không có tham số)",SUBSTITUTE(LEFT(IF(O28="✓","Mã tra cứu|","")&IF(P28="✓","MST người bán|","")&IF(Q28="✓","MST người mua|","")&IF(R28="✓","Mẫu số / Ký hiệu|","")&IF(S28="✓","Số HĐ|","")&IF(T28="✓","Ngày lập|","")&IF(U28="✓","Tổng tiền|","")&IF(V28="✓","Mã CQT|","")&IF(W28="✓","Upload XML|","")&IF(X28="✓","Captcha ảnh|","")&IF(Y28="✓","Captcha dạng tích|","")&IF(Z28="✓","Captcha khác (slider/hình)|","")&IF(AA28="✓","Đăng nhập|","")&IF(AB28="✓","Email/SĐT/OTP|",""),LEN(IF(O28="✓","Mã tra cứu|","")&IF(P28="✓","MST người bán|","")&IF(Q28="✓","MST người mua|","")&IF(R28="✓","Mẫu số / Ký hiệu|","")&IF(S28="✓","Số HĐ|","")&IF(T28="✓","Ngày lập|","")&IF(U28="✓","Tổng tiền|","")&IF(V28="✓","Mã CQT|","")&IF(W28="✓","Upload XML|","")&IF(X28="✓","Captcha ảnh|","")&IF(Y28="✓","Captcha dạng tích|","")&IF(Z28="✓","Captcha khác (slider/hình)|","")&IF(AA28="✓","Đăng nhập|","")&IF(AB28="✓","Email/SĐT/OTP|",""))-1),"|"," + "))) -> Mã tra cứu + Captcha ảnh | I28: Xong | K28: 0.96 | L28: g_1500x350 | N28: OK | O28: ✓ | X28: ✓ | AC28: 2 | AD28: ảnh PNG base64 1500x350 (hiển thị 150x35), ô 'Nhập mã xác thực' | AE28: Tab 'Xác thực hóa đơn' (/xacthuchd): upload file XML + captcha ảnh; có trang đăng nhập /account | AF28: Link trong danh sách là API RefreshCaptcha; trang gốc redirect về /tracuuhoadon/tracuuxacthuc/tracuuhd. Ô 'Mã số bí mật'. Trang có nạp recaptcha/api.js nhưng không thấy widget | AG28: https://tracuu.vin-hoadon.com/tracuuhoadon/tracuuxacthuc/tracuuhd | AJ28: =IFERROR(IF(INDEX('WBS2'!$I$2:$I$25,MATCH($C28,'WBS2'!$F$2:$F$25,0))="","",INDEX('WBS2'!$I$2:$I$25,MATCH($C28,'WBS2'!$F$2:$F$25,0))),"") -> Hoàn thành | AK28: =IFERROR(IF(INDEX('WBS2'!$I$27:$I$162,MATCH($C28,'WBS2'!$F$27:$F$162,0))="","",INDEX('WBS2'!$I$27:$I$162,MATCH($C28,'WBS2'!$F$27:$F$162,0))),"") -> Hoàn thành | AL28: =IFERROR(IF(OR($AK28="Chưa hoàn thành",$AK28="Sẵn sàng"),INDEX('WBS2'!$H$27:$H$162,MATCH($C28,'WBS2'!$F$27:$F$162,0)),""),"") | AM28: =IFERROR(IF(INDEX('WBS2'!$J$27:$J$162,MATCH($C28,'WBS2'!$F$27:$F$162,0))="","",INDEX('WBS2'!$J$27:$J$162,MATCH($C28,'WBS2'!$F$27:$F$162,0))),"") | AN28: =IFERROR(IF(INDEX('WBS2'!$I$163:$I$298,MATCH($C28,'WBS2'!$F$163:$F$298,0))="","",INDEX('WBS2'!$I$163:$I$298,MATCH($C28,'WBS2'!$F$163:$F$298,0))),"") -> Hoàn thành | AO28: =IFERROR(IF(OR($AN28="Chưa hoàn thành",$AN28="Sẵn sàng"),INDEX('WBS2'!$H$163:$H$298,MATCH($C28,'WBS2'!$F$163:$F$298,0)),""),"") | AP28: =IFERROR(IF(INDEX('WBS2'!$J$163:$J$298,MATCH($C28,'WBS2'!$F$163:$F$298,0))="","",INDEX('WBS2'!$J$163:$J$298,MATCH($C28,'WBS2'!$F$163:$F$298,0))),"")
A29: 28 | B29: Công ty Cổ phần Thiết bị điện - Điện tử Bách Khoa | C29: 0200784873 | D29: Số 561 Nguyễn Bỉnh Khiêm, phường Đằng Hải, quận Hải An, Tp Hải Phòng | E29: https://dinhvibachkhoa.vn | F29: không có thông tin | G29: https://hoadonbachkhoa.pmbk.vn/tra-cuu-hoa-don | H29: =IF(N29<>"OK","",IF(IF(O29="✓","Mã tra cứu|","")&IF(P29="✓","MST người bán|","")&IF(Q29="✓","MST người mua|","")&IF(R29="✓","Mẫu số / Ký hiệu|","")&IF(S29="✓","Số HĐ|","")&IF(T29="✓","Ngày lập|","")&IF(U29="✓","Tổng tiền|","")&IF(V29="✓","Mã CQT|","")&IF(W29="✓","Upload XML|","")&IF(X29="✓","Captcha ảnh|","")&IF(Y29="✓","Captcha dạng tích|","")&IF(Z29="✓","Captcha khác (slider/hình)|","")&IF(AA29="✓","Đăng nhập|","")&IF(AB29="✓","Email/SĐT/OTP|","")="","(không có tham số)",SUBSTITUTE(LEFT(IF(O29="✓","Mã tra cứu|","")&IF(P29="✓","MST người bán|","")&IF(Q29="✓","MST người mua|","")&IF(R29="✓","Mẫu số / Ký hiệu|","")&IF(S29="✓","Số HĐ|","")&IF(T29="✓","Ngày lập|","")&IF(U29="✓","Tổng tiền|","")&IF(V29="✓","Mã CQT|","")&IF(W29="✓","Upload XML|","")&IF(X29="✓","Captcha ảnh|","")&IF(Y29="✓","Captcha dạng tích|","")&IF(Z29="✓","Captcha khác (slider/hình)|","")&IF(AA29="✓","Đăng nhập|","")&IF(AB29="✓","Email/SĐT/OTP|",""),LEN(IF(O29="✓","Mã tra cứu|","")&IF(P29="✓","MST người bán|","")&IF(Q29="✓","MST người mua|","")&IF(R29="✓","Mẫu số / Ký hiệu|","")&IF(S29="✓","Số HĐ|","")&IF(T29="✓","Ngày lập|","")&IF(U29="✓","Tổng tiền|","")&IF(V29="✓","Mã CQT|","")&IF(W29="✓","Upload XML|","")&IF(X29="✓","Captcha ảnh|","")&IF(Y29="✓","Captcha dạng tích|","")&IF(Z29="✓","Captcha khác (slider/hình)|","")&IF(AA29="✓","Đăng nhập|","")&IF(AB29="✓","Email/SĐT/OTP|",""))-1),"|"," + "))) -> Mã tra cứu | N29: OK | O29: ✓ | AC29: 1 | AD29: không có | AE29: Radio 'Tệp tra cứu': chọn/upload tệp tra cứu (có thể là XML) | AF29: Radio mặc định 'Mã tra cứu', 1 ô mã | AG29: https://hoadonbachkhoa.pmbk.vn/tra-cuu-hoa-don | AJ29: =IFERROR(IF(INDEX('WBS2'!$I$2:$I$25,MATCH($C29,'WBS2'!$F$2:$F$25,0))="","",INDEX('WBS2'!$I$2:$I$25,MATCH($C29,'WBS2'!$F$2:$F$25,0))),"") | AK29: =IFERROR(IF(INDEX('WBS2'!$I$27:$I$162,MATCH($C29,'WBS2'!$F$27:$F$162,0))="","",INDEX('WBS2'!$I$27:$I$162,MATCH($C29,'WBS2'!$F$27:$F$162,0))),"") -> Sẵn sàng | AL29: =IFERROR(IF(OR($AK29="Chưa hoàn thành",$AK29="Sẵn sàng"),INDEX('WBS2'!$H$27:$H$162,MATCH($C29,'WBS2'!$F$27:$F$162,0)),""),"") -> 46356 | AM29: =IFERROR(IF(INDEX('WBS2'!$J$27:$J$162,MATCH($C29,'WBS2'!$F$27:$F$162,0))="","",INDEX('WBS2'!$J$27:$J$162,MATCH($C29,'WBS2'!$F$27:$F$162,0))),"") -> pmbk – không captcha | AN29: =IFERROR(IF(INDEX('WBS2'!$I$163:$I$298,MATCH($C29,'WBS2'!$F$163:$F$298,0))="","",INDEX('WBS2'!$I$163:$I$298,MATCH($C29,'WBS2'!$F$163:$F$298,0))),"") -> Sẵn sàng | AO29: =IFERROR(IF(OR($AN29="Chưa hoàn thành",$AN29="Sẵn sàng"),INDEX('WBS2'!$H$163:$H$298,MATCH($C29,'WBS2'!$F$163:$F$298,0)),""),"") -> 46356 | AP29: =IFERROR(IF(INDEX('WBS2'!$J$163:$J$298,MATCH($C29,'WBS2'!$F$163:$F$298,0))="","",INDEX('WBS2'!$J$163:$J$298,MATCH($C29,'WBS2'!$F$163:$F$298,0))),"")
A30: 29 | B30: Tập Đoàn Bưu chính viễn thông Việt Nam | C30: 0100684378 | D30: Số 57 Huỳnh Thúc Kháng, Phường Láng Hạ, Quận Đống Đa, Tp.Hà Nội | E30: https://vnpt-invoice.com.vn/ | F30: có captcha | G30: https://portaltool.vnpt-invoice.com.vn/ | H30: =IF(N30<>"OK","",IF(IF(O30="✓","Mã tra cứu|","")&IF(P30="✓","MST người bán|","")&IF(Q30="✓","MST người mua|","")&IF(R30="✓","Mẫu số / Ký hiệu|","")&IF(S30="✓","Số HĐ|","")&IF(T30="✓","Ngày lập|","")&IF(U30="✓","Tổng tiền|","")&IF(V30="✓","Mã CQT|","")&IF(W30="✓","Upload XML|","")&IF(X30="✓","Captcha ảnh|","")&IF(Y30="✓","Captcha dạng tích|","")&IF(Z30="✓","Captcha khác (slider/hình)|","")&IF(AA30="✓","Đăng nhập|","")&IF(AB30="✓","Email/SĐT/OTP|","")="","(không có tham số)",SUBSTITUTE(LEFT(IF(O30="✓","Mã tra cứu|","")&IF(P30="✓","MST người bán|","")&IF(Q30="✓","MST người mua|","")&IF(R30="✓","Mẫu số / Ký hiệu|","")&IF(S30="✓","Số HĐ|","")&IF(T30="✓","Ngày lập|","")&IF(U30="✓","Tổng tiền|","")&IF(V30="✓","Mã CQT|","")&IF(W30="✓","Upload XML|","")&IF(X30="✓","Captcha ảnh|","")&IF(Y30="✓","Captcha dạng tích|","")&IF(Z30="✓","Captcha khác (slider/hình)|","")&IF(AA30="✓","Đăng nhập|","")&IF(AB30="✓","Email/SĐT/OTP|",""),LEN(IF(O30="✓","Mã tra cứu|","")&IF(P30="✓","MST người bán|","")&IF(Q30="✓","MST người mua|","")&IF(R30="✓","Mẫu số / Ký hiệu|","")&IF(S30="✓","Số HĐ|","")&IF(T30="✓","Ngày lập|","")&IF(U30="✓","Tổng tiền|","")&IF(V30="✓","Mã CQT|","")&IF(W30="✓","Upload XML|","")&IF(X30="✓","Captcha ảnh|","")&IF(Y30="✓","Captcha dạng tích|","")&IF(Z30="✓","Captcha khác (slider/hình)|","")&IF(AA30="✓","Đăng nhập|","")&IF(AB30="✓","Email/SĐT/OTP|",""))-1),"|"," + "))) -> Mã tra cứu + Mã CQT + Captcha ảnh | I30: Xong | K30: 0 | L30: g_120x40 | N30: OK | O30: ✓ | V30: ✓ | X30: ✓ | AC30: 3 | AD30: ảnh JPEG base64 (API get-captcha?width=120&height=40, hiển thị 96x32), ô 'Mã xác thực' | AE30: Tab 'Tra cứu theo thông tin': MST bán + loại HĐ + ký hiệu + số HĐ + tổng tiền thanh toán + captcha ảnh; Tab 'Tra cứu theo file XML': upload XML | AF30: SPA; ô 'Mã tra cứu/Mã của Cơ quan thuế' (nhập Fkey hoặc MCCQT); radio HĐĐT / HĐĐT MTT. Link trong danh sách là API captcha; cổng HST chung, khách lớn có cổng riêng | AG30: https://portal-hst.vnpt-invoice.com.vn/tim-kiem/hoa-don-dien-tu | AH30: https://gateway-hst.vnpt-invoice.com.vn/admin/api/share/get-captcha?width=120&height=40 | AJ30: =IFERROR(IF(INDEX('WBS2'!$I$2:$I$25,MATCH($C30,'WBS2'!$F$2:$F$25,0))="","",INDEX('WBS2'!$I$2:$I$25,MATCH($C30,'WBS2'!$F$2:$F$25,0))),"") -> Hoàn thành | AK30: =IFERROR(IF(INDEX('WBS2'!$I$27:$I$162,MATCH($C30,'WBS2'!$F$27:$F$162,0))="","",INDEX('WBS2'!$I$27:$I$162,MATCH($C30,'WBS2'!$F$27:$F$162,0))),"") -> Hoàn thành | AL30: =IFERROR(IF(OR($AK30="Chưa hoàn thành",$AK30="Sẵn sàng"),INDEX('WBS2'!$H$27:$H$162,MATCH($C30,'WBS2'!$F$27:$F$162,0)),""),"") | AM30: =IFERROR(IF(INDEX('WBS2'!$J$27:$J$162,MATCH($C30,'WBS2'!$F$27:$F$162,0))="","",INDEX('WBS2'!$J$27:$J$162,MATCH($C30,'WBS2'!$F$27:$F$162,0))),"") -> 27/10: thêm cổng Nội Bài invoice-noibai.vietnamairport.vn → han-tt78.vnpt-invoice.com.vn (Fkey trong link mail, thật 1/1); host -tt78 có dấu '_' cũng nhận | AN30: =IFERROR(IF(INDEX('WBS2'!$I$163:$I$298,MATCH($C30,'WBS2'!$F$163:$F$298,0))="","",INDEX('WBS2'!$I$163:$I$298,MATCH($C30,'WBS2'!$F$163:$F$298,0))),"") -> Hoàn thành | AO30: =IFERROR(IF(OR($AN30="Chưa hoàn thành",$AN30="Sẵn sàng"),INDEX('WBS2'!$H$163:$H$298,MATCH($C30,'WBS2'!$F$163:$F$298,0)),""),"") | AP30: =IFERROR(IF(INDEX('WBS2'!$J$163:$J$298,MATCH($C30,'WBS2'!$F$163:$F$298,0))="","",INDEX('WBS2'!$J$163:$J$298,MATCH($C30,'WBS2'!$F$163:$F$298,0))),"")
A31: 30 | B31: Công ty Cổ phần dịch vụ T-VAN HILO | C31: 0106713804 | D31: Số 18 Đoàn Trần Nghiệp, phường Bùi Thị Xuân, quận Hai Bà Trưng, Tp Hà Nội | E31: https://hiloinvoice.vn | F31: Không có captcha | G31: https://tracuuhddt78.hilo.com.vn/ | H31: =IF(N31<>"OK","",IF(IF(O31="✓","Mã tra cứu|","")&IF(P31="✓","MST người bán|","")&IF(Q31="✓","MST người mua|","")&IF(R31="✓","Mẫu số / Ký hiệu|","")&IF(S31="✓","Số HĐ|","")&IF(T31="✓","Ngày lập|","")&IF(U31="✓","Tổng tiền|","")&IF(V31="✓","Mã CQT|","")&IF(W31="✓","Upload XML|","")&IF(X31="✓","Captcha ảnh|","")&IF(Y31="✓","Captcha dạng tích|","")&IF(Z31="✓","Captcha khác (slider/hình)|","")&IF(AA31="✓","Đăng nhập|","")&IF(AB31="✓","Email/SĐT/OTP|","")="","(không có tham số)",SUBSTITUTE(LEFT(IF(O31="✓","Mã tra cứu|","")&IF(P31="✓","MST người bán|","")&IF(Q31="✓","MST người mua|","")&IF(R31="✓","Mẫu số / Ký hiệu|","")&IF(S31="✓","Số HĐ|","")&IF(T31="✓","Ngày lập|","")&IF(U31="✓","Tổng tiền|","")&IF(V31="✓","Mã CQT|","")&IF(W31="✓","Upload XML|","")&IF(X31="✓","Captcha ảnh|","")&IF(Y31="✓","Captcha dạng tích|","")&IF(Z31="✓","Captcha khác (slider/hình)|","")&IF(AA31="✓","Đăng nhập|","")&IF(AB31="✓","Email/SĐT/OTP|",""),LEN(IF(O31="✓","Mã tra cứu|","")&IF(P31="✓","MST người bán|","")&IF(Q31="✓","MST người mua|","")&IF(R31="✓","Mẫu số / Ký hiệu|","")&IF(S31="✓","Số HĐ|","")&IF(T31="✓","Ngày lập|","")&IF(U31="✓","Tổng tiền|","")&IF(V31="✓","Mã CQT|","")&IF(W31="✓","Upload XML|","")&IF(X31="✓","Captcha ảnh|","")&IF(Y31="✓","Captcha dạng tích|","")&IF(Z31="✓","Captcha khác (slider/hình)|","")&IF(AA31="✓","Đăng nhập|","")&IF(AB31="✓","Email/SĐT/OTP|",""))-1),"|"," + "))) -> Mã tra cứu + MST người bán | N31: OK | O31: ✓ | P31: ✓ | AC31: 2 | AD31: reCAPTCHA v3 ẩn (size=invisible) | AE31: Các tab khác chỉ cho chứng từ / phiếu xuất kho / biên lai / bảng kê; menu 'Danh sách hóa đơn', 'Đăng nhập' | AF31: Form: 'Mã số thuế bên bán' + 'Mã nhận HĐ'. Theo ghi chú project, cổng chung HILO có reCAPTCHA và tra không ra (HĐ HILO GSM nằm ở no_portal) | AG31: https://tracuuhddt78.hilo.com.vn/ | AJ31: =IFERROR(IF(INDEX('WBS2'!$I$2:$I$25,MATCH($C31,'WBS2'!$F$2:$F$25,0))="","",INDEX('WBS2'!$I$2:$I$25,MATCH($C31,'WBS2'!$F$2:$F$25,0))),"") | AK31: =IFERROR(IF(INDEX('WBS2'!$I$27:$I$162,MATCH($C31,'WBS2'!$F$27:$F$162,0))="","",INDEX('WBS2'!$I$27:$I$162,MATCH($C31,'WBS2'!$F$27:$F$162,0))),"") -> Hoàn thành | AL31: =IFERROR(IF(OR($AK31="Chưa hoàn thành",$AK31="Sẵn sàng"),INDEX('WBS2'!$H$27:$H$162,MATCH($C31,'WBS2'!$F$27:$F$162,0)),""),"") | AM31: =IFERROR(IF(INDEX('WBS2'!$J$27:$J$162,MATCH($C31,'WBS2'!$F$27:$F$162,0))="","",INDEX('WBS2'!$J$27:$J$162,MATCH($C31,'WBS2'!$F$27:$F$162,0))),"") | AN31: =IFERROR(IF(INDEX('WBS2'!$I$163:$I$298,MATCH($C31,'WBS2'!$F$163:$F$298,0))="","",INDEX('WBS2'!$I$163:$I$298,MATCH($C31,'WBS2'!$F$163:$F$298,0))),"") -> Hoàn thành | AO31: =IFERROR(IF(OR($AN31="Chưa hoàn thành",$AN31="Sẵn sàng"),INDEX('WBS2'!$H$163:$H$298,MATCH($C31,'WBS2'!$F$163:$F$298,0)),""),"") | AP31: =IFERROR(IF(INDEX('WBS2'!$J$163:$J$298,MATCH($C31,'WBS2'!$F$163:$F$298,0))="","",INDEX('WBS2'!$J$163:$J$298,MATCH($C31,'WBS2'!$F$163:$F$298,0))),"")
A32: 31 | B32: Công ty Cổ phần Minh Khang Group | C32: 0314209362 | D32: 120A Trần Kế Xương, phường 7, quận Phú Nhuận, Tp Hồ Chí Minh | E32: http://hoadondientuvat.com/Thong-tin | F32: Không có captcha | G32: https://hoadondientuvat.com/Tracuu.aspx | H32: =IF(N32<>"OK","",IF(IF(O32="✓","Mã tra cứu|","")&IF(P32="✓","MST người bán|","")&IF(Q32="✓","MST người mua|","")&IF(R32="✓","Mẫu số / Ký hiệu|","")&IF(S32="✓","Số HĐ|","")&IF(T32="✓","Ngày lập|","")&IF(U32="✓","Tổng tiền|","")&IF(V32="✓","Mã CQT|","")&IF(W32="✓","Upload XML|","")&IF(X32="✓","Captcha ảnh|","")&IF(Y32="✓","Captcha dạng tích|","")&IF(Z32="✓","Captcha khác (slider/hình)|","")&IF(AA32="✓","Đăng nhập|","")&IF(AB32="✓","Email/SĐT/OTP|","")="","(không có tham số)",SUBSTITUTE(LEFT(IF(O32="✓","Mã tra cứu|","")&IF(P32="✓","MST người bán|","")&IF(Q32="✓","MST người mua|","")&IF(R32="✓","Mẫu số / Ký hiệu|","")&IF(S32="✓","Số HĐ|","")&IF(T32="✓","Ngày lập|","")&IF(U32="✓","Tổng tiền|","")&IF(V32="✓","Mã CQT|","")&IF(W32="✓","Upload XML|","")&IF(X32="✓","Captcha ảnh|","")&IF(Y32="✓","Captcha dạng tích|","")&IF(Z32="✓","Captcha khác (slider/hình)|","")&IF(AA32="✓","Đăng nhập|","")&IF(AB32="✓","Email/SĐT/OTP|",""),LEN(IF(O32="✓","Mã tra cứu|","")&IF(P32="✓","MST người bán|","")&IF(Q32="✓","MST người mua|","")&IF(R32="✓","Mẫu số / Ký hiệu|","")&IF(S32="✓","Số HĐ|","")&IF(T32="✓","Ngày lập|","")&IF(U32="✓","Tổng tiền|","")&IF(V32="✓","Mã CQT|","")&IF(W32="✓","Upload XML|","")&IF(X32="✓","Captcha ảnh|","")&IF(Y32="✓","Captcha dạng tích|","")&IF(Z32="✓","Captcha khác (slider/hình)|","")&IF(AA32="✓","Đăng nhập|","")&IF(AB32="✓","Email/SĐT/OTP|",""))-1),"|"," + "))) -> Mã tra cứu | N32: OK | O32: ✓ | AC32: 1 | AD32: không có | AE32: Dropdown đổi sang 'Mã số thuế' (nhập MST thay vì mã hóa đơn) | AF32: 1 ô + dropdown loại (mặc định 'Mã hóa đơn'); cùng nền tảng với ihoadondientu.com (dòng 40) | AG32: https://hoadondientuvat.com/Tracuu.aspx | AJ32: =IFERROR(IF(INDEX('WBS2'!$I$2:$I$25,MATCH($C32,'WBS2'!$F$2:$F$25,0))="","",INDEX('WBS2'!$I$2:$I$25,MATCH($C32,'WBS2'!$F$2:$F$25,0))),"") | AK32: =IFERROR(IF(INDEX('WBS2'!$I$27:$I$162,MATCH($C32,'WBS2'!$F$27:$F$162,0))="","",INDEX('WBS2'!$I$27:$I$162,MATCH($C32,'WBS2'!$F$27:$F$162,0))),"") -> Hoàn thành | AL32: =IFERROR(IF(OR($AK32="Chưa hoàn thành",$AK32="Sẵn sàng"),INDEX('WBS2'!$H$27:$H$162,MATCH($C32,'WBS2'!$F$27:$F$162,0)),""),"") | AM32: =IFERROR(IF(INDEX('WBS2'!$J$27:$J$162,MATCH($C32,'WBS2'!$F$27:$F$162,0))="","",INDEX('WBS2'!$J$27:$J$162,MATCH($C32,'WBS2'!$F$27:$F$162,0))),"") | AN32: =IFERROR(IF(INDEX('WBS2'!$I$163:$I$298,MATCH($C32,'WBS2'!$F$163:$F$298,0))="","",INDEX('WBS2'!$I$163:$I$298,MATCH($C32,'WBS2'!$F$163:$F$298,0))),"") -> Hoàn thành | AO32: =IFERROR(IF(OR($AN32="Chưa hoàn thành",$AN32="Sẵn sàng"),INDEX('WBS2'!$H$163:$H$298,MATCH($C32,'WBS2'!$F$163:$F$298,0)),""),"") | AP32: =IFERROR(IF(INDEX('WBS2'!$J$163:$J$298,MATCH($C32,'WBS2'!$F$163:$F$298,0))="","",INDEX('WBS2'!$J$163:$J$298,MATCH($C32,'WBS2'!$F$163:$F$298,0))),"")
A33: 32 | B33: Công ty Cổ phần Giải pháp hóa đơn điện tử Việt Nam | C33: 0101352495 | D33: Tầng 7 tòa nhà Công ty 29, ngõ 73 đường Nguyễn Trãi, phường Khương Trung, quận Thanh Xuân, Tp Hà Nội | E33: https://www.vninvoice.vn | F33: có captcha | G33: https://tracuu.v50.vninvoice.vn/ | H33: =IF(N33<>"OK","",IF(IF(O33="✓","Mã tra cứu|","")&IF(P33="✓","MST người bán|","")&IF(Q33="✓","MST người mua|","")&IF(R33="✓","Mẫu số / Ký hiệu|","")&IF(S33="✓","Số HĐ|","")&IF(T33="✓","Ngày lập|","")&IF(U33="✓","Tổng tiền|","")&IF(V33="✓","Mã CQT|","")&IF(W33="✓","Upload XML|","")&IF(X33="✓","Captcha ảnh|","")&IF(Y33="✓","Captcha dạng tích|","")&IF(Z33="✓","Captcha khác (slider/hình)|","")&IF(AA33="✓","Đăng nhập|","")&IF(AB33="✓","Email/SĐT/OTP|","")="","(không có tham số)",SUBSTITUTE(LEFT(IF(O33="✓","Mã tra cứu|","")&IF(P33="✓","MST người bán|","")&IF(Q33="✓","MST người mua|","")&IF(R33="✓","Mẫu số / Ký hiệu|","")&IF(S33="✓","Số HĐ|","")&IF(T33="✓","Ngày lập|","")&IF(U33="✓","Tổng tiền|","")&IF(V33="✓","Mã CQT|","")&IF(W33="✓","Upload XML|","")&IF(X33="✓","Captcha ảnh|","")&IF(Y33="✓","Captcha dạng tích|","")&IF(Z33="✓","Captcha khác (slider/hình)|","")&IF(AA33="✓","Đăng nhập|","")&IF(AB33="✓","Email/SĐT/OTP|",""),LEN(IF(O33="✓","Mã tra cứu|","")&IF(P33="✓","MST người bán|","")&IF(Q33="✓","MST người mua|","")&IF(R33="✓","Mẫu số / Ký hiệu|","")&IF(S33="✓","Số HĐ|","")&IF(T33="✓","Ngày lập|","")&IF(U33="✓","Tổng tiền|","")&IF(V33="✓","Mã CQT|","")&IF(W33="✓","Upload XML|","")&IF(X33="✓","Captcha ảnh|","")&IF(Y33="✓","Captcha dạng tích|","")&IF(Z33="✓","Captcha khác (slider/hình)|","")&IF(AA33="✓","Đăng nhập|","")&IF(AB33="✓","Email/SĐT/OTP|",""))-1),"|"," + "))) -> Mã tra cứu + MST người bán + Ngày lập + Captcha ảnh | I33: Xong | K33: 0.931 | L33: g_180x50_vn | N33: OK | O33: ✓ | P33: ✓ | T33: ✓ | X33: ✓ | AC33: 4 | AD33: ảnh PNG base64 180x50 (hiển thị 288x80), chữ+số ~7 ký tự, nút 'reCaptcha' chỉ để đổi ảnh | AE33: Tab 'Tra cứu theo XML': upload XML + captcha ảnh; Tab 'Xác thực XML': upload XML + captcha ảnh; Tab 'Tra cứu chứng từ TNCN' | AF33: SPA; form: khoảng ngày HĐ (mặc định 1 tháng gần nhất) + Số bảo mật + MST người bán + mã xác thực | AG33: https://tracuu.v50.vninvoice.vn/ | AJ33: =IFERROR(IF(INDEX('WBS2'!$I$2:$I$25,MATCH($C33,'WBS2'!$F$2:$F$25,0))="","",INDEX('WBS2'!$I$2:$I$25,MATCH($C33,'WBS2'!$F$2:$F$25,0))),"") -> Đang training | AK33: =IFERROR(IF(INDEX('WBS2'!$I$27:$I$162,MATCH($C33,'WBS2'!$F$27:$F$162,0))="","",INDEX('WBS2'!$I$27:$I$162,MATCH($C33,'WBS2'!$F$27:$F$162,0))),"") -> Chưa hoàn thành | AL33: =IFERROR(IF(OR($AK33="Chưa hoàn thành",$AK33="Sẵn sàng"),INDEX('WBS2'!$H$27:$H$162,MATCH($C33,'WBS2'!$F$27:$F$162,0)),""),"") -> 46446 | AM33: =IFERROR(IF(INDEX('WBS2'!$J$27:$J$162,MATCH($C33,'WBS2'!$F$27:$F$162,0))="","",INDEX('WBS2'!$J$27:$J$162,MATCH($C33,'WBS2'!$F$27:$F$162,0))),"") -> Chưa làm được – model captcha g_180x50_vn còn sai hoa/thường. tracuu.v50.vninvoice.vn, không reCAPTCHA; cần gán lại nhãn + train | AN33: =IFERROR(IF(INDEX('WBS2'!$I$163:$I$298,MATCH($C33,'WBS2'!$F$163:$F$298,0))="","",INDEX('WBS2'!$I$163:$I$298,MATCH($C33,'WBS2'!$F$163:$F$298,0))),"") -> Hoàn thành | AO33: =IFERROR(IF(OR($AN33="Chưa hoàn thành",$AN33="Sẵn sàng"),INDEX('WBS2'!$H$163:$H$298,MATCH($C33,'WBS2'!$F$163:$F$298,0)),""),"") | AP33: =IFERROR(IF(INDEX('WBS2'!$J$163:$J$298,MATCH($C33,'WBS2'!$F$163:$F$298,0))="","",INDEX('WBS2'!$J$163:$J$298,MATCH($C33,'WBS2'!$F$163:$F$298,0))),"")
A34: 33 | B34: Công ty Cổ phần giải pháp thanh toán Việt Nam | C34: 0102182292 | D34: Tầng 8, số 22, phố Láng Hạ, quận Đống Đa, Tp Hà Nội | E34: https://www.vnpay.vn | F34: Không có captcha | G34: https://portal.vnpayinvoice.vn/ | H34: =IF(N34<>"OK","",IF(IF(O34="✓","Mã tra cứu|","")&IF(P34="✓","MST người bán|","")&IF(Q34="✓","MST người mua|","")&IF(R34="✓","Mẫu số / Ký hiệu|","")&IF(S34="✓","Số HĐ|","")&IF(T34="✓","Ngày lập|","")&IF(U34="✓","Tổng tiền|","")&IF(V34="✓","Mã CQT|","")&IF(W34="✓","Upload XML|","")&IF(X34="✓","Captcha ảnh|","")&IF(Y34="✓","Captcha dạng tích|","")&IF(Z34="✓","Captcha khác (slider/hình)|","")&IF(AA34="✓","Đăng nhập|","")&IF(AB34="✓","Email/SĐT/OTP|","")="","(không có tham số)",SUBSTITUTE(LEFT(IF(O34="✓","Mã tra cứu|","")&IF(P34="✓","MST người bán|","")&IF(Q34="✓","MST người mua|","")&IF(R34="✓","Mẫu số / Ký hiệu|","")&IF(S34="✓","Số HĐ|","")&IF(T34="✓","Ngày lập|","")&IF(U34="✓","Tổng tiền|","")&IF(V34="✓","Mã CQT|","")&IF(W34="✓","Upload XML|","")&IF(X34="✓","Captcha ảnh|","")&IF(Y34="✓","Captcha dạng tích|","")&IF(Z34="✓","Captcha khác (slider/hình)|","")&IF(AA34="✓","Đăng nhập|","")&IF(AB34="✓","Email/SĐT/OTP|",""),LEN(IF(O34="✓","Mã tra cứu|","")&IF(P34="✓","MST người bán|","")&IF(Q34="✓","MST người mua|","")&IF(R34="✓","Mẫu số / Ký hiệu|","")&IF(S34="✓","Số HĐ|","")&IF(T34="✓","Ngày lập|","")&IF(U34="✓","Tổng tiền|","")&IF(V34="✓","Mã CQT|","")&IF(W34="✓","Upload XML|","")&IF(X34="✓","Captcha ảnh|","")&IF(Y34="✓","Captcha dạng tích|","")&IF(Z34="✓","Captcha khác (slider/hình)|","")&IF(AA34="✓","Đăng nhập|","")&IF(AB34="✓","Email/SĐT/OTP|",""))-1),"|"," + "))) -> Mã tra cứu + MST người bán | N34: OK | O34: ✓ | P34: ✓ | AC34: 2 | AD34: reCAPTCHA v3 ẩn (size=invisible) | AE34: Tab 'Tra cứu chứng từ': mã tra cứu chứng từ + MST đơn vị chi trả thu nhập | AF34: SPA; form: Mã tra cứu hóa đơn + MST người bán | AG34: https://portal.vnpayinvoice.vn/ | AJ34: =IFERROR(IF(INDEX('WBS2'!$I$2:$I$25,MATCH($C34,'WBS2'!$F$2:$F$25,0))="","",INDEX('WBS2'!$I$2:$I$25,MATCH($C34,'WBS2'!$F$2:$F$25,0))),"") | AK34: =IFERROR(IF(INDEX('WBS2'!$I$27:$I$162,MATCH($C34,'WBS2'!$F$27:$F$162,0))="","",INDEX('WBS2'!$I$27:$I$162,MATCH($C34,'WBS2'!$F$27:$F$162,0))),"") -> Chưa hoàn thành | AL34: =IFERROR(IF(OR($AK34="Chưa hoàn thành",$AK34="Sẵn sàng"),INDEX('WBS2'!$H$27:$H$162,MATCH($C34,'WBS2'!$F$27:$F$162,0)),""),"") -> 46477 | AM34: =IFERROR(IF(INDEX('WBS2'!$J$27:$J$162,MATCH($C34,'WBS2'!$F$27:$F$162,0))="","",INDEX('WBS2'!$J$27:$J$162,MATCH($C34,'WBS2'!$F$27:$F$162,0))),"") -> Không làm được qua link tra cứu – reCAPTCHA v3 (khảo sát 14/10), lấy qua mail. portal.vnpayinvoice.vn | AN34: =IFERROR(IF(INDEX('WBS2'!$I$163:$I$298,MATCH($C34,'WBS2'!$F$163:$F$298,0))="","",INDEX('WBS2'!$I$163:$I$298,MATCH($C34,'WBS2'!$F$163:$F$298,0))),"") -> Chưa hoàn thành | AO34: =IFERROR(IF(OR($AN34="Chưa hoàn thành",$AN34="Sẵn sàng"),INDEX('WBS2'!$H$163:$H$298,MATCH($C34,'WBS2'!$F$163:$F$298,0)),""),"") -> 46477 | AP34: =IFERROR(IF(INDEX('WBS2'!$J$163:$J$298,MATCH($C34,'WBS2'!$F$163:$F$298,0))="","",INDEX('WBS2'!$J$163:$J$298,MATCH($C34,'WBS2'!$F$163:$F$298,0))),"") -> Chưa có mail/PDF nào của NCC này (kiểm DB 27/10)
A35: 34 | B35: Công ty Cổ phần ICORP | C35: 0106870211 | D35: Số 32/21 phố Trương Công Giai, phường Dịch Vọng, quận Cầu Giấy, Tp Hà Nội | E35: https://vietinvoice.vn | F35: Không có captcha | G35: https://tracuu.vietinvoice.vn/#/ | H35: =IF(N35<>"OK","",IF(IF(O35="✓","Mã tra cứu|","")&IF(P35="✓","MST người bán|","")&IF(Q35="✓","MST người mua|","")&IF(R35="✓","Mẫu số / Ký hiệu|","")&IF(S35="✓","Số HĐ|","")&IF(T35="✓","Ngày lập|","")&IF(U35="✓","Tổng tiền|","")&IF(V35="✓","Mã CQT|","")&IF(W35="✓","Upload XML|","")&IF(X35="✓","Captcha ảnh|","")&IF(Y35="✓","Captcha dạng tích|","")&IF(Z35="✓","Captcha khác (slider/hình)|","")&IF(AA35="✓","Đăng nhập|","")&IF(AB35="✓","Email/SĐT/OTP|","")="","(không có tham số)",SUBSTITUTE(LEFT(IF(O35="✓","Mã tra cứu|","")&IF(P35="✓","MST người bán|","")&IF(Q35="✓","MST người mua|","")&IF(R35="✓","Mẫu số / Ký hiệu|","")&IF(S35="✓","Số HĐ|","")&IF(T35="✓","Ngày lập|","")&IF(U35="✓","Tổng tiền|","")&IF(V35="✓","Mã CQT|","")&IF(W35="✓","Upload XML|","")&IF(X35="✓","Captcha ảnh|","")&IF(Y35="✓","Captcha dạng tích|","")&IF(Z35="✓","Captcha khác (slider/hình)|","")&IF(AA35="✓","Đăng nhập|","")&IF(AB35="✓","Email/SĐT/OTP|",""),LEN(IF(O35="✓","Mã tra cứu|","")&IF(P35="✓","MST người bán|","")&IF(Q35="✓","MST người mua|","")&IF(R35="✓","Mẫu số / Ký hiệu|","")&IF(S35="✓","Số HĐ|","")&IF(T35="✓","Ngày lập|","")&IF(U35="✓","Tổng tiền|","")&IF(V35="✓","Mã CQT|","")&IF(W35="✓","Upload XML|","")&IF(X35="✓","Captcha ảnh|","")&IF(Y35="✓","Captcha dạng tích|","")&IF(Z35="✓","Captcha khác (slider/hình)|","")&IF(AA35="✓","Đăng nhập|","")&IF(AB35="✓","Email/SĐT/OTP|",""))-1),"|"," + "))) -> Mã tra cứu | N35: OK | O35: ✓ | AC35: 1 | AD35: không có | AF35: SPA (HTML gốc ~3.5KB); chỉ 1 ô 'Nhập mã tra cứu', không thấy captcha trước khi gửi | AG35: https://tracuu.vietinvoice.vn/#/ | AJ35: =IFERROR(IF(INDEX('WBS2'!$I$2:$I$25,MATCH($C35,'WBS2'!$F$2:$F$25,0))="","",INDEX('WBS2'!$I$2:$I$25,MATCH($C35,'WBS2'!$F$2:$F$25,0))),"") | AK35: =IFERROR(IF(INDEX('WBS2'!$I$27:$I$162,MATCH($C35,'WBS2'!$F$27:$F$162,0))="","",INDEX('WBS2'!$I$27:$I$162,MATCH($C35,'WBS2'!$F$27:$F$162,0))),"") -> Sẵn sàng | AL35: =IFERROR(IF(OR($AK35="Chưa hoàn thành",$AK35="Sẵn sàng"),INDEX('WBS2'!$H$27:$H$162,MATCH($C35,'WBS2'!$F$27:$F$162,0)),""),"") -> 46356 | AM35: =IFERROR(IF(INDEX('WBS2'!$J$27:$J$162,MATCH($C35,'WBS2'!$F$27:$F$162,0))="","",INDEX('WBS2'!$J$27:$J$162,MATCH($C35,'WBS2'!$F$27:$F$162,0))),"") -> vietinvoice – 2 cổng, không captcha | AN35: =IFERROR(IF(INDEX('WBS2'!$I$163:$I$298,MATCH($C35,'WBS2'!$F$163:$F$298,0))="","",INDEX('WBS2'!$I$163:$I$298,MATCH($C35,'WBS2'!$F$163:$F$298,0))),"") -> Sẵn sàng | AO35: =IFERROR(IF(OR($AN35="Chưa hoàn thành",$AN35="Sẵn sàng"),INDEX('WBS2'!$H$163:$H$298,MATCH($C35,'WBS2'!$F$163:$F$298,0)),""),"") -> 46356 | AP35: =IFERROR(IF(INDEX('WBS2'!$J$163:$J$298,MATCH($C35,'WBS2'!$F$163:$F$298,0))="","",INDEX('WBS2'!$J$163:$J$298,MATCH($C35,'WBS2'!$F$163:$F$298,0))),"")
A36: 35 | B36: Công ty Cổ phần đầu tư và công nghệ idocNet | C36: 0104614692 | D36: Số 27 Huỳnh Thúc Kháng, Quận Đống Đa, Tp Hà Nội | E36: https://hoadontvan.com | F36: captcha dạng tích | G36: https://hoadontvan.com/TraCuu | H36: =IF(N36<>"OK","",IF(IF(O36="✓","Mã tra cứu|","")&IF(P36="✓","MST người bán|","")&IF(Q36="✓","MST người mua|","")&IF(R36="✓","Mẫu số / Ký hiệu|","")&IF(S36="✓","Số HĐ|","")&IF(T36="✓","Ngày lập|","")&IF(U36="✓","Tổng tiền|","")&IF(V36="✓","Mã CQT|","")&IF(W36="✓","Upload XML|","")&IF(X36="✓","Captcha ảnh|","")&IF(Y36="✓","Captcha dạng tích|","")&IF(Z36="✓","Captcha khác (slider/hình)|","")&IF(AA36="✓","Đăng nhập|","")&IF(AB36="✓","Email/SĐT/OTP|","")="","(không có tham số)",SUBSTITUTE(LEFT(IF(O36="✓","Mã tra cứu|","")&IF(P36="✓","MST người bán|","")&IF(Q36="✓","MST người mua|","")&IF(R36="✓","Mẫu số / Ký hiệu|","")&IF(S36="✓","Số HĐ|","")&IF(T36="✓","Ngày lập|","")&IF(U36="✓","Tổng tiền|","")&IF(V36="✓","Mã CQT|","")&IF(W36="✓","Upload XML|","")&IF(X36="✓","Captcha ảnh|","")&IF(Y36="✓","Captcha dạng tích|","")&IF(Z36="✓","Captcha khác (slider/hình)|","")&IF(AA36="✓","Đăng nhập|","")&IF(AB36="✓","Email/SĐT/OTP|",""),LEN(IF(O36="✓","Mã tra cứu|","")&IF(P36="✓","MST người bán|","")&IF(Q36="✓","MST người mua|","")&IF(R36="✓","Mẫu số / Ký hiệu|","")&IF(S36="✓","Số HĐ|","")&IF(T36="✓","Ngày lập|","")&IF(U36="✓","Tổng tiền|","")&IF(V36="✓","Mã CQT|","")&IF(W36="✓","Upload XML|","")&IF(X36="✓","Captcha ảnh|","")&IF(Y36="✓","Captcha dạng tích|","")&IF(Z36="✓","Captcha khác (slider/hình)|","")&IF(AA36="✓","Đăng nhập|","")&IF(AB36="✓","Email/SĐT/OTP|",""))-1),"|"," + "))) -> Mã tra cứu + Captcha dạng tích | N36: OK | O36: ✓ | Y36: ✓ | AC36: 2 | AD36: reCAPTCHA v2 checkbox | AE36: Radio 'Từ file': upload file (XML) | AF36: Thương hiệu Q-invoice; radio mặc định 'Theo mã tra cứu hóa đơn' | AG36: https://hoadontvan.com/TraCuu | AJ36: =IFERROR(IF(INDEX('WBS2'!$I$2:$I$25,MATCH($C36,'WBS2'!$F$2:$F$25,0))="","",INDEX('WBS2'!$I$2:$I$25,MATCH($C36,'WBS2'!$F$2:$F$25,0))),"") | AK36: =IFERROR(IF(INDEX('WBS2'!$I$27:$I$162,MATCH($C36,'WBS2'!$F$27:$F$162,0))="","",INDEX('WBS2'!$I$27:$I$162,MATCH($C36,'WBS2'!$F$27:$F$162,0))),"") -> Chưa hoàn thành | AL36: =IFERROR(IF(OR($AK36="Chưa hoàn thành",$AK36="Sẵn sàng"),INDEX('WBS2'!$H$27:$H$162,MATCH($C36,'WBS2'!$F$27:$F$162,0)),""),"") -> 46477 | AM36: =IFERROR(IF(INDEX('WBS2'!$J$27:$J$162,MATCH($C36,'WBS2'!$F$27:$F$162,0))="","",INDEX('WBS2'!$J$27:$J$162,MATCH($C36,'WBS2'!$F$27:$F$162,0))),"") -> Không làm được qua link tra cứu – bị chặn bởi reCAPTCHA v2 (server kiểm), lấy qua mail. hoadontvan.com | AN36: =IFERROR(IF(INDEX('WBS2'!$I$163:$I$298,MATCH($C36,'WBS2'!$F$163:$F$298,0))="","",INDEX('WBS2'!$I$163:$I$298,MATCH($C36,'WBS2'!$F$163:$F$298,0))),"") -> Chưa hoàn thành | AO36: =IFERROR(IF(OR($AN36="Chưa hoàn thành",$AN36="Sẵn sàng"),INDEX('WBS2'!$H$163:$H$298,MATCH($C36,'WBS2'!$F$163:$F$298,0)),""),"") -> 46477 | AP36: =IFERROR(IF(INDEX('WBS2'!$J$163:$J$298,MATCH($C36,'WBS2'!$F$163:$F$298,0))="","",INDEX('WBS2'!$J$163:$J$298,MATCH($C36,'WBS2'!$F$163:$F$298,0))),"") -> Chưa có mail/PDF nào của NCC này (kiểm DB 27/10)
A37: 36 | B37: Công ty Cổ phần chữ ký số VI NA | C37: 0309612872 | D37: 41A Nguyễn Phi Khanh, phường Tân Định, quận 1, Tp Hồ Chí Minh | E37: www.smartsign.com.vn | F37: có captcha | G37: https://tracuuhd.smartsign.com.vn/ | H37: =IF(N37<>"OK","",IF(IF(O37="✓","Mã tra cứu|","")&IF(P37="✓","MST người bán|","")&IF(Q37="✓","MST người mua|","")&IF(R37="✓","Mẫu số / Ký hiệu|","")&IF(S37="✓","Số HĐ|","")&IF(T37="✓","Ngày lập|","")&IF(U37="✓","Tổng tiền|","")&IF(V37="✓","Mã CQT|","")&IF(W37="✓","Upload XML|","")&IF(X37="✓","Captcha ảnh|","")&IF(Y37="✓","Captcha dạng tích|","")&IF(Z37="✓","Captcha khác (slider/hình)|","")&IF(AA37="✓","Đăng nhập|","")&IF(AB37="✓","Email/SĐT/OTP|","")="","(không có tham số)",SUBSTITUTE(LEFT(IF(O37="✓","Mã tra cứu|","")&IF(P37="✓","MST người bán|","")&IF(Q37="✓","MST người mua|","")&IF(R37="✓","Mẫu số / Ký hiệu|","")&IF(S37="✓","Số HĐ|","")&IF(T37="✓","Ngày lập|","")&IF(U37="✓","Tổng tiền|","")&IF(V37="✓","Mã CQT|","")&IF(W37="✓","Upload XML|","")&IF(X37="✓","Captcha ảnh|","")&IF(Y37="✓","Captcha dạng tích|","")&IF(Z37="✓","Captcha khác (slider/hình)|","")&IF(AA37="✓","Đăng nhập|","")&IF(AB37="✓","Email/SĐT/OTP|",""),LEN(IF(O37="✓","Mã tra cứu|","")&IF(P37="✓","MST người bán|","")&IF(Q37="✓","MST người mua|","")&IF(R37="✓","Mẫu số / Ký hiệu|","")&IF(S37="✓","Số HĐ|","")&IF(T37="✓","Ngày lập|","")&IF(U37="✓","Tổng tiền|","")&IF(V37="✓","Mã CQT|","")&IF(W37="✓","Upload XML|","")&IF(X37="✓","Captcha ảnh|","")&IF(Y37="✓","Captcha dạng tích|","")&IF(Z37="✓","Captcha khác (slider/hình)|","")&IF(AA37="✓","Đăng nhập|","")&IF(AB37="✓","Email/SĐT/OTP|",""))-1),"|"," + "))) -> Mã tra cứu + Captcha ảnh | I37: Xong | J37: https://tracuuhd.smartsign.com.vn/Pages/CImage.aspx | K37: 0.0234 | L37: g_150x39 | N37: OK | O37: ✓ | X37: ✓ | AC37: 2 | AD37: ảnh 150x39 (Pages/CImage.aspx), ô 'Mã xác nhận' | AE37: Tab 'Chọn file XML': upload XML (có captcha ảnh) | AF37: ASP.NET WebForms; ô 'Mã nhận hóa đơn'. Có nạp recaptcha/api.js nhưng không thấy widget | AG37: https://tracuuhd.smartsign.com.vn/ | AJ37: =IFERROR(IF(INDEX('WBS2'!$I$2:$I$25,MATCH($C37,'WBS2'!$F$2:$F$25,0))="","",INDEX('WBS2'!$I$2:$I$25,MATCH($C37,'WBS2'!$F$2:$F$25,0))),"") -> Đang training | AK37: =IFERROR(IF(INDEX('WBS2'!$I$27:$I$162,MATCH($C37,'WBS2'!$F$27:$F$162,0))="","",INDEX('WBS2'!$I$27:$I$162,MATCH($C37,'WBS2'!$F$27:$F$162,0))),"") -> Hoàn thành | AL37: =IFERROR(IF(OR($AK37="Chưa hoàn thành",$AK37="Sẵn sàng"),INDEX('WBS2'!$H$27:$H$162,MATCH($C37,'WBS2'!$F$27:$F$162,0)),""),"") | AM37: =IFERROR(IF(INDEX('WBS2'!$J$27:$J$162,MATCH($C37,'WBS2'!$F$27:$F$162,0))="","",INDEX('WBS2'!$J$27:$J$162,MATCH($C37,'WBS2'!$F$27:$F$162,0))),"") | AN37: =IFERROR(IF(INDEX('WBS2'!$I$163:$I$298,MATCH($C37,'WBS2'!$F$163:$F$298,0))="","",INDEX('WBS2'!$I$163:$I$298,MATCH($C37,'WBS2'!$F$163:$F$298,0))),"") -> Hoàn thành | AO37: =IFERROR(IF(OR($AN37="Chưa hoàn thành",$AN37="Sẵn sàng"),INDEX('WBS2'!$H$163:$H$298,MATCH($C37,'WBS2'!$F$163:$F$298,0)),""),"") | AP37: =IFERROR(IF(INDEX('WBS2'!$J$163:$J$298,MATCH($C37,'WBS2'!$F$163:$F$298,0))="","",INDEX('WBS2'!$J$163:$J$298,MATCH($C37,'WBS2'!$F$163:$F$298,0))),"")
A38: 37 | B38: Công ty Cổ phần TS24 | C38: 0309478306 | D38: Số 285/94B Cách Mạnh Tháng Tám, phường 12, quận 10, Tp Hồ Chí Minh | E38: https://www.xuathoadon.vn/ | F38: Không có captcha | G38: https://tracuu.xuathoadon.vn/ | H38: =IF(N38<>"OK","",IF(IF(O38="✓","Mã tra cứu|","")&IF(P38="✓","MST người bán|","")&IF(Q38="✓","MST người mua|","")&IF(R38="✓","Mẫu số / Ký hiệu|","")&IF(S38="✓","Số HĐ|","")&IF(T38="✓","Ngày lập|","")&IF(U38="✓","Tổng tiền|","")&IF(V38="✓","Mã CQT|","")&IF(W38="✓","Upload XML|","")&IF(X38="✓","Captcha ảnh|","")&IF(Y38="✓","Captcha dạng tích|","")&IF(Z38="✓","Captcha khác (slider/hình)|","")&IF(AA38="✓","Đăng nhập|","")&IF(AB38="✓","Email/SĐT/OTP|","")="","(không có tham số)",SUBSTITUTE(LEFT(IF(O38="✓","Mã tra cứu|","")&IF(P38="✓","MST người bán|","")&IF(Q38="✓","MST người mua|","")&IF(R38="✓","Mẫu số / Ký hiệu|","")&IF(S38="✓","Số HĐ|","")&IF(T38="✓","Ngày lập|","")&IF(U38="✓","Tổng tiền|","")&IF(V38="✓","Mã CQT|","")&IF(W38="✓","Upload XML|","")&IF(X38="✓","Captcha ảnh|","")&IF(Y38="✓","Captcha dạng tích|","")&IF(Z38="✓","Captcha khác (slider/hình)|","")&IF(AA38="✓","Đăng nhập|","")&IF(AB38="✓","Email/SĐT/OTP|",""),LEN(IF(O38="✓","Mã tra cứu|","")&IF(P38="✓","MST người bán|","")&IF(Q38="✓","MST người mua|","")&IF(R38="✓","Mẫu số / Ký hiệu|","")&IF(S38="✓","Số HĐ|","")&IF(T38="✓","Ngày lập|","")&IF(U38="✓","Tổng tiền|","")&IF(V38="✓","Mã CQT|","")&IF(W38="✓","Upload XML|","")&IF(X38="✓","Captcha ảnh|","")&IF(Y38="✓","Captcha dạng tích|","")&IF(Z38="✓","Captcha khác (slider/hình)|","")&IF(AA38="✓","Đăng nhập|","")&IF(AB38="✓","Email/SĐT/OTP|",""))-1),"|"," + "))) -> Mã tra cứu + Captcha dạng tích | N38: OK | O38: ✓ | Y38: ✓ | AC38: 2 | AD38: Cloudflare Turnstile (widget hiện, chế độ auto) | AE38: 'Xem hóa đơn gốc' (/original): upload file XML; trang /pit tra chứng từ TNCN | AF38: Form: 1 ô 'Mã tra cứu' + Turnstile | AG38: https://tracuu.xuathoadon.vn/ | AJ38: =IFERROR(IF(INDEX('WBS2'!$I$2:$I$25,MATCH($C38,'WBS2'!$F$2:$F$25,0))="","",INDEX('WBS2'!$I$2:$I$25,MATCH($C38,'WBS2'!$F$2:$F$25,0))),"") | AK38: =IFERROR(IF(INDEX('WBS2'!$I$27:$I$162,MATCH($C38,'WBS2'!$F$27:$F$162,0))="","",INDEX('WBS2'!$I$27:$I$162,MATCH($C38,'WBS2'!$F$27:$F$162,0))),"") -> Chưa hoàn thành | AL38: =IFERROR(IF(OR($AK38="Chưa hoàn thành",$AK38="Sẵn sàng"),INDEX('WBS2'!$H$27:$H$162,MATCH($C38,'WBS2'!$F$27:$F$162,0)),""),"") -> 46477 | AM38: =IFERROR(IF(INDEX('WBS2'!$J$27:$J$162,MATCH($C38,'WBS2'!$F$27:$F$162,0))="","",INDEX('WBS2'!$J$27:$J$162,MATCH($C38,'WBS2'!$F$27:$F$162,0))),"") -> bị chặn bởi Cloudflare Turnstile, lấy qua mail. tracuu.xuathoadon.vn | AN38: =IFERROR(IF(INDEX('WBS2'!$I$163:$I$298,MATCH($C38,'WBS2'!$F$163:$F$298,0))="","",INDEX('WBS2'!$I$163:$I$298,MATCH($C38,'WBS2'!$F$163:$F$298,0))),"") -> Hoàn thành | AO38: =IFERROR(IF(OR($AN38="Chưa hoàn thành",$AN38="Sẵn sàng"),INDEX('WBS2'!$H$163:$H$298,MATCH($C38,'WBS2'!$F$163:$F$298,0)),""),"") | AP38: =IFERROR(IF(INDEX('WBS2'!$J$163:$J$298,MATCH($C38,'WBS2'!$F$163:$F$298,0))="","",INDEX('WBS2'!$J$163:$J$298,MATCH($C38,'WBS2'!$F$163:$F$298,0))),"")
A39: 38 | B39: Công ty TNHH Hóa đơn điện tử TCT | C39: 0315298333 | D39: 114-116 Lưu Chí Hiếu, phường Tây Thạnh, quận Tân Phú, Tp Hồ Chí Minh | E39: https://www.tctinvoice.com | F39: site đã đổi chủ (redirect sang sanmuasam.com) | H39: =IF(N39<>"OK","",IF(IF(O39="✓","Mã tra cứu|","")&IF(P39="✓","MST người bán|","")&IF(Q39="✓","MST người mua|","")&IF(R39="✓","Mẫu số / Ký hiệu|","")&IF(S39="✓","Số HĐ|","")&IF(T39="✓","Ngày lập|","")&IF(U39="✓","Tổng tiền|","")&IF(V39="✓","Mã CQT|","")&IF(W39="✓","Upload XML|","")&IF(X39="✓","Captcha ảnh|","")&IF(Y39="✓","Captcha dạng tích|","")&IF(Z39="✓","Captcha khác (slider/hình)|","")&IF(AA39="✓","Đăng nhập|","")&IF(AB39="✓","Email/SĐT/OTP|","")="","(không có tham số)",SUBSTITUTE(LEFT(IF(O39="✓","Mã tra cứu|","")&IF(P39="✓","MST người bán|","")&IF(Q39="✓","MST người mua|","")&IF(R39="✓","Mẫu số / Ký hiệu|","")&IF(S39="✓","Số HĐ|","")&IF(T39="✓","Ngày lập|","")&IF(U39="✓","Tổng tiền|","")&IF(V39="✓","Mã CQT|","")&IF(W39="✓","Upload XML|","")&IF(X39="✓","Captcha ảnh|","")&IF(Y39="✓","Captcha dạng tích|","")&IF(Z39="✓","Captcha khác (slider/hình)|","")&IF(AA39="✓","Đăng nhập|","")&IF(AB39="✓","Email/SĐT/OTP|",""),LEN(IF(O39="✓","Mã tra cứu|","")&IF(P39="✓","MST người bán|","")&IF(Q39="✓","MST người mua|","")&IF(R39="✓","Mẫu số / Ký hiệu|","")&IF(S39="✓","Số HĐ|","")&IF(T39="✓","Ngày lập|","")&IF(U39="✓","Tổng tiền|","")&IF(V39="✓","Mã CQT|","")&IF(W39="✓","Upload XML|","")&IF(X39="✓","Captcha ảnh|","")&IF(Y39="✓","Captcha dạng tích|","")&IF(Z39="✓","Captcha khác (slider/hình)|","")&IF(AA39="✓","Đăng nhập|","")&IF(AB39="✓","Email/SĐT/OTP|",""))-1),"|"," + "))) | AJ39: =IFERROR(IF(INDEX('WBS2'!$I$2:$I$25,MATCH($C39,'WBS2'!$F$2:$F$25,0))="","",INDEX('WBS2'!$I$2:$I$25,MATCH($C39,'WBS2'!$F$2:$F$25,0))),"") | AK39: =IFERROR(IF(INDEX('WBS2'!$I$27:$I$162,MATCH($C39,'WBS2'!$F$27:$F$162,0))="","",INDEX('WBS2'!$I$27:$I$162,MATCH($C39,'WBS2'!$F$27:$F$162,0))),"") -> Chưa hoàn thành | AL39: =IFERROR(IF(OR($AK39="Chưa hoàn thành",$AK39="Sẵn sàng"),INDEX('WBS2'!$H$27:$H$162,MATCH($C39,'WBS2'!$F$27:$F$162,0)),""),"") -> 46477 | AM39: =IFERROR(IF(INDEX('WBS2'!$J$27:$J$162,MATCH($C39,'WBS2'!$F$27:$F$162,0))="","",INDEX('WBS2'!$J$27:$J$162,MATCH($C39,'WBS2'!$F$27:$F$162,0))),"") -> Không làm được qua link tra cứu – site đã đổi chủ | AN39: =IFERROR(IF(INDEX('WBS2'!$I$163:$I$298,MATCH($C39,'WBS2'!$F$163:$F$298,0))="","",INDEX('WBS2'!$I$163:$I$298,MATCH($C39,'WBS2'!$F$163:$F$298,0))),"") -> Chưa hoàn thành | AO39: =IFERROR(IF(OR($AN39="Chưa hoàn thành",$AN39="Sẵn sàng"),INDEX('WBS2'!$H$163:$H$298,MATCH($C39,'WBS2'!$F$163:$F$298,0)),""),"") -> 46477 | AP39: =IFERROR(IF(INDEX('WBS2'!$J$163:$J$298,MATCH($C39,'WBS2'!$F$163:$F$298,0))="","",INDEX('WBS2'!$J$163:$J$298,MATCH($C39,'WBS2'!$F$163:$F$298,0))),"") -> Chưa có mail/PDF nào của NCC này (kiểm DB 27/10)
A40: 39 | B40: Công ty TNHH Tin học Tia lửa Việt | C40: 0303609305 | D40: 14 đường 3C, phường An Lạc A, quận Bình Tân, Tp Hồ Chí Minh | E40: https://ihoadondientu.com | F40: Không có captcha | G40: https://ihoadondientu.com/Tra-cuu | H40: =IF(N40<>"OK","",IF(IF(O40="✓","Mã tra cứu|","")&IF(P40="✓","MST người bán|","")&IF(Q40="✓","MST người mua|","")&IF(R40="✓","Mẫu số / Ký hiệu|","")&IF(S40="✓","Số HĐ|","")&IF(T40="✓","Ngày lập|","")&IF(U40="✓","Tổng tiền|","")&IF(V40="✓","Mã CQT|","")&IF(W40="✓","Upload XML|","")&IF(X40="✓","Captcha ảnh|","")&IF(Y40="✓","Captcha dạng tích|","")&IF(Z40="✓","Captcha khác (slider/hình)|","")&IF(AA40="✓","Đăng nhập|","")&IF(AB40="✓","Email/SĐT/OTP|","")="","(không có tham số)",SUBSTITUTE(LEFT(IF(O40="✓","Mã tra cứu|","")&IF(P40="✓","MST người bán|","")&IF(Q40="✓","MST người mua|","")&IF(R40="✓","Mẫu số / Ký hiệu|","")&IF(S40="✓","Số HĐ|","")&IF(T40="✓","Ngày lập|","")&IF(U40="✓","Tổng tiền|","")&IF(V40="✓","Mã CQT|","")&IF(W40="✓","Upload XML|","")&IF(X40="✓","Captcha ảnh|","")&IF(Y40="✓","Captcha dạng tích|","")&IF(Z40="✓","Captcha khác (slider/hình)|","")&IF(AA40="✓","Đăng nhập|","")&IF(AB40="✓","Email/SĐT/OTP|",""),LEN(IF(O40="✓","Mã tra cứu|","")&IF(P40="✓","MST người bán|","")&IF(Q40="✓","MST người mua|","")&IF(R40="✓","Mẫu số / Ký hiệu|","")&IF(S40="✓","Số HĐ|","")&IF(T40="✓","Ngày lập|","")&IF(U40="✓","Tổng tiền|","")&IF(V40="✓","Mã CQT|","")&IF(W40="✓","Upload XML|","")&IF(X40="✓","Captcha ảnh|","")&IF(Y40="✓","Captcha dạng tích|","")&IF(Z40="✓","Captcha khác (slider/hình)|","")&IF(AA40="✓","Đăng nhập|","")&IF(AB40="✓","Email/SĐT/OTP|",""))-1),"|"," + "))) -> Mã tra cứu | N40: OK | O40: ✓ | AC40: 1 | AD40: không có | AE40: Dropdown: 'Mã số thuế', 'Token sử dụng Vsign', 'Cty bỏ trốn' (tra thông tin, không phải HĐ) | AF40: 1 ô 'Mã hóa đơn hoặc mst' + dropdown loại (mặc định 'Mã hóa đơn'); cùng nền tảng với hoadondientuvat.com (dòng 32) | AG40: https://ihoadondientu.com/Tra-cuu | AJ40: =IFERROR(IF(INDEX('WBS2'!$I$2:$I$25,MATCH($C40,'WBS2'!$F$2:$F$25,0))="","",INDEX('WBS2'!$I$2:$I$25,MATCH($C40,'WBS2'!$F$2:$F$25,0))),"") | AK40: =IFERROR(IF(INDEX('WBS2'!$I$27:$I$162,MATCH($C40,'WBS2'!$F$27:$F$162,0))="","",INDEX('WBS2'!$I$27:$I$162,MATCH($C40,'WBS2'!$F$27:$F$162,0))),"") -> Sẵn sàng | AL40: =IFERROR(IF(OR($AK40="Chưa hoàn thành",$AK40="Sẵn sàng"),INDEX('WBS2'!$H$27:$H$162,MATCH($C40,'WBS2'!$F$27:$F$162,0)),""),"") -> 46356 | AM40: =IFERROR(IF(INDEX('WBS2'!$J$27:$J$162,MATCH($C40,'WBS2'!$F$27:$F$162,0))="","",INDEX('WBS2'!$J$27:$J$162,MATCH($C40,'WBS2'!$F$27:$F$162,0))),"") -> tialuaviet – phần mềm Vĩnh Hy, không captcha | AN40: =IFERROR(IF(INDEX('WBS2'!$I$163:$I$298,MATCH($C40,'WBS2'!$F$163:$F$298,0))="","",INDEX('WBS2'!$I$163:$I$298,MATCH($C40,'WBS2'!$F$163:$F$298,0))),"") -> Sẵn sàng | AO40: =IFERROR(IF(OR($AN40="Chưa hoàn thành",$AN40="Sẵn sàng"),INDEX('WBS2'!$H$163:$H$298,MATCH($C40,'WBS2'!$F$163:$F$298,0)),""),"") -> 46356 | AP40: =IFERROR(IF(INDEX('WBS2'!$J$163:$J$298,MATCH($C40,'WBS2'!$F$163:$F$298,0))="","",INDEX('WBS2'!$J$163:$J$298,MATCH($C40,'WBS2'!$F$163:$F$298,0))),"")
A41: 40 | B41: Công ty Cổ phần phần mềm quản lý doanh nghiệp | C41: 0100727825 | D41: Tầng 3 Tòa nhà CT1B Khu đô thị VOV Mễ Trì, phường Mễ Trì, quận Nam Từ Liêm, TP. Hà Nội | E41: https://www.fast.com.vn | F41: Không có captcha | G41: https://invoice.fast.com.vn/tra-cuu-hoa-don-dien-tu/ | H41: =IF(N41<>"OK","",IF(IF(O41="✓","Mã tra cứu|","")&IF(P41="✓","MST người bán|","")&IF(Q41="✓","MST người mua|","")&IF(R41="✓","Mẫu số / Ký hiệu|","")&IF(S41="✓","Số HĐ|","")&IF(T41="✓","Ngày lập|","")&IF(U41="✓","Tổng tiền|","")&IF(V41="✓","Mã CQT|","")&IF(W41="✓","Upload XML|","")&IF(X41="✓","Captcha ảnh|","")&IF(Y41="✓","Captcha dạng tích|","")&IF(Z41="✓","Captcha khác (slider/hình)|","")&IF(AA41="✓","Đăng nhập|","")&IF(AB41="✓","Email/SĐT/OTP|","")="","(không có tham số)",SUBSTITUTE(LEFT(IF(O41="✓","Mã tra cứu|","")&IF(P41="✓","MST người bán|","")&IF(Q41="✓","MST người mua|","")&IF(R41="✓","Mẫu số / Ký hiệu|","")&IF(S41="✓","Số HĐ|","")&IF(T41="✓","Ngày lập|","")&IF(U41="✓","Tổng tiền|","")&IF(V41="✓","Mã CQT|","")&IF(W41="✓","Upload XML|","")&IF(X41="✓","Captcha ảnh|","")&IF(Y41="✓","Captcha dạng tích|","")&IF(Z41="✓","Captcha khác (slider/hình)|","")&IF(AA41="✓","Đăng nhập|","")&IF(AB41="✓","Email/SĐT/OTP|",""),LEN(IF(O41="✓","Mã tra cứu|","")&IF(P41="✓","MST người bán|","")&IF(Q41="✓","MST người mua|","")&IF(R41="✓","Mẫu số / Ký hiệu|","")&IF(S41="✓","Số HĐ|","")&IF(T41="✓","Ngày lập|","")&IF(U41="✓","Tổng tiền|","")&IF(V41="✓","Mã CQT|","")&IF(W41="✓","Upload XML|","")&IF(X41="✓","Captcha ảnh|","")&IF(Y41="✓","Captcha dạng tích|","")&IF(Z41="✓","Captcha khác (slider/hình)|","")&IF(AA41="✓","Đăng nhập|","")&IF(AB41="✓","Email/SĐT/OTP|",""))-1),"|"," + "))) -> Mã tra cứu + Captcha ảnh | N41: OK | O41: ✓ | X41: ✓ | AC41: 2 | AD41: ảnh PNG 100x30, 5 chữ hoa/thường (base64 trong HTML) — đã kiểm khi làm adapter | AE41: Radio chọn kết quả: 'Xem trực tiếp' / 'Tải hóa đơn gốc (.XML)' / 'Tải file PDF' (cùng 1 ô mã) | AF41: Trang WordPress invoice.fast.com.vn/tra-cuu-hoa-don-dien-tu không tra được bằng KeySearch trong XML; cổng chạy được là einvoice.fast.com.vn (KeySearch + captcha). Trang WordPress; form POST về chính trang, chỉ 1 ô 'Nhập mã số...'. /tra-cuu/ redirect về trang này. reCAPTCHA trên trang chỉ dùng cho form đăng ký/đặt hàng | AG41: https://einvoice.fast.com.vn/ | AJ41: =IFERROR(IF(INDEX('WBS2'!$I$2:$I$25,MATCH($C41,'WBS2'!$F$2:$F$25,0))="","",INDEX('WBS2'!$I$2:$I$25,MATCH($C41,'WBS2'!$F$2:$F$25,0))),"") | AK41: =IFERROR(IF(INDEX('WBS2'!$I$27:$I$162,MATCH($C41,'WBS2'!$F$27:$F$162,0))="","",INDEX('WBS2'!$I$27:$I$162,MATCH($C41,'WBS2'!$F$27:$F$162,0))),"") -> Hoàn thành | AL41: =IFERROR(IF(OR($AK41="Chưa hoàn thành",$AK41="Sẵn sàng"),INDEX('WBS2'!$H$27:$H$162,MATCH($C41,'WBS2'!$F$27:$F$162,0)),""),"") | AM41: =IFERROR(IF(INDEX('WBS2'!$J$27:$J$162,MATCH($C41,'WBS2'!$F$27:$F$162,0))="","",INDEX('WBS2'!$J$27:$J$162,MATCH($C41,'WBS2'!$F$27:$F$162,0))),"") | AN41: =IFERROR(IF(INDEX('WBS2'!$I$163:$I$298,MATCH($C41,'WBS2'!$F$163:$F$298,0))="","",INDEX('WBS2'!$I$163:$I$298,MATCH($C41,'WBS2'!$F$163:$F$298,0))),"") -> Hoàn thành | AO41: =IFERROR(IF(OR($AN41="Chưa hoàn thành",$AN41="Sẵn sàng"),INDEX('WBS2'!$H$163:$H$298,MATCH($C41,'WBS2'!$F$163:$F$298,0)),""),"") | AP41: =IFERROR(IF(INDEX('WBS2'!$J$163:$J$298,MATCH($C41,'WBS2'!$F$163:$F$298,0))="","",INDEX('WBS2'!$J$163:$J$298,MATCH($C41,'WBS2'!$F$163:$F$298,0))),"")
A42: 41 | B42: Công ty TNHH ACCONLINE.VN | C42: 0315467091 | D42: 341 Lê Trọng Tấn, phường Sơn Kỳ, quận Tân Phú,Tp Hồ Chí Minh | E42: http://www.acconine.vn | F42: captcha dạng tích | G42: https://acconline.vn/vn/tra-cuu-hoa-don.htm | H42: =IF(N42<>"OK","",IF(IF(O42="✓","Mã tra cứu|","")&IF(P42="✓","MST người bán|","")&IF(Q42="✓","MST người mua|","")&IF(R42="✓","Mẫu số / Ký hiệu|","")&IF(S42="✓","Số HĐ|","")&IF(T42="✓","Ngày lập|","")&IF(U42="✓","Tổng tiền|","")&IF(V42="✓","Mã CQT|","")&IF(W42="✓","Upload XML|","")&IF(X42="✓","Captcha ảnh|","")&IF(Y42="✓","Captcha dạng tích|","")&IF(Z42="✓","Captcha khác (slider/hình)|","")&IF(AA42="✓","Đăng nhập|","")&IF(AB42="✓","Email/SĐT/OTP|","")="","(không có tham số)",SUBSTITUTE(LEFT(IF(O42="✓","Mã tra cứu|","")&IF(P42="✓","MST người bán|","")&IF(Q42="✓","MST người mua|","")&IF(R42="✓","Mẫu số / Ký hiệu|","")&IF(S42="✓","Số HĐ|","")&IF(T42="✓","Ngày lập|","")&IF(U42="✓","Tổng tiền|","")&IF(V42="✓","Mã CQT|","")&IF(W42="✓","Upload XML|","")&IF(X42="✓","Captcha ảnh|","")&IF(Y42="✓","Captcha dạng tích|","")&IF(Z42="✓","Captcha khác (slider/hình)|","")&IF(AA42="✓","Đăng nhập|","")&IF(AB42="✓","Email/SĐT/OTP|",""),LEN(IF(O42="✓","Mã tra cứu|","")&IF(P42="✓","MST người bán|","")&IF(Q42="✓","MST người mua|","")&IF(R42="✓","Mẫu số / Ký hiệu|","")&IF(S42="✓","Số HĐ|","")&IF(T42="✓","Ngày lập|","")&IF(U42="✓","Tổng tiền|","")&IF(V42="✓","Mã CQT|","")&IF(W42="✓","Upload XML|","")&IF(X42="✓","Captcha ảnh|","")&IF(Y42="✓","Captcha dạng tích|","")&IF(Z42="✓","Captcha khác (slider/hình)|","")&IF(AA42="✓","Đăng nhập|","")&IF(AB42="✓","Email/SĐT/OTP|",""))-1),"|"," + "))) -> Mã tra cứu + MST người bán + Captcha dạng tích | N42: OK | O42: ✓ | P42: ✓ | Y42: ✓ | AC42: 3 | AD42: reCAPTCHA v2 checkbox | AF42: Form: MST của đơn vị (bên bán) + Mã tra cứu hóa đơn + reCAPTCHA v2 | AG42: https://acconline.vn/vn/tra-cuu-hoa-don.htm | AJ42: =IFERROR(IF(INDEX('WBS2'!$I$2:$I$25,MATCH($C42,'WBS2'!$F$2:$F$25,0))="","",INDEX('WBS2'!$I$2:$I$25,MATCH($C42,'WBS2'!$F$2:$F$25,0))),"") | AK42: =IFERROR(IF(INDEX('WBS2'!$I$27:$I$162,MATCH($C42,'WBS2'!$F$27:$F$162,0))="","",INDEX('WBS2'!$I$27:$I$162,MATCH($C42,'WBS2'!$F$27:$F$162,0))),"") -> Chưa hoàn thành | AL42: =IFERROR(IF(OR($AK42="Chưa hoàn thành",$AK42="Sẵn sàng"),INDEX('WBS2'!$H$27:$H$162,MATCH($C42,'WBS2'!$F$27:$F$162,0)),""),"") -> 46477 | AM42: =IFERROR(IF(INDEX('WBS2'!$J$27:$J$162,MATCH($C42,'WBS2'!$F$27:$F$162,0))="","",INDEX('WBS2'!$J$27:$J$162,MATCH($C42,'WBS2'!$F$27:$F$162,0))),"") -> Không làm được qua link tra cứu – bị chặn bởi reCAPTCHA v2 (server kiểm), lấy qua mail. acconline.vn | AN42: =IFERROR(IF(INDEX('WBS2'!$I$163:$I$298,MATCH($C42,'WBS2'!$F$163:$F$298,0))="","",INDEX('WBS2'!$I$163:$I$298,MATCH($C42,'WBS2'!$F$163:$F$298,0))),"") -> Chưa hoàn thành | AO42: =IFERROR(IF(OR($AN42="Chưa hoàn thành",$AN42="Sẵn sàng"),INDEX('WBS2'!$H$163:$H$298,MATCH($C42,'WBS2'!$F$163:$F$298,0)),""),"") -> 46477 | AP42: =IFERROR(IF(INDEX('WBS2'!$J$163:$J$298,MATCH($C42,'WBS2'!$F$163:$F$298,0))="","",INDEX('WBS2'!$J$163:$J$298,MATCH($C42,'WBS2'!$F$163:$F$298,0))),"") -> Chưa có mail/PDF nào của NCC này (kiểm DB 27/10)
A43: 42 | B43: Công ty Cổ phần công nghệ hóa đơn điện tử HT | C43: 0315638251 | D43: 23/3 Mai Lão Bạng, phường 13, quận Tân Bình, Tp Hồ Chí Minh | E43: http://htinvoice.com.vn | F43: captcha dạng tích | G43: https://laphoadon.htinvoice.vn/TraCuu | H43: =IF(N43<>"OK","",IF(IF(O43="✓","Mã tra cứu|","")&IF(P43="✓","MST người bán|","")&IF(Q43="✓","MST người mua|","")&IF(R43="✓","Mẫu số / Ký hiệu|","")&IF(S43="✓","Số HĐ|","")&IF(T43="✓","Ngày lập|","")&IF(U43="✓","Tổng tiền|","")&IF(V43="✓","Mã CQT|","")&IF(W43="✓","Upload XML|","")&IF(X43="✓","Captcha ảnh|","")&IF(Y43="✓","Captcha dạng tích|","")&IF(Z43="✓","Captcha khác (slider/hình)|","")&IF(AA43="✓","Đăng nhập|","")&IF(AB43="✓","Email/SĐT/OTP|","")="","(không có tham số)",SUBSTITUTE(LEFT(IF(O43="✓","Mã tra cứu|","")&IF(P43="✓","MST người bán|","")&IF(Q43="✓","MST người mua|","")&IF(R43="✓","Mẫu số / Ký hiệu|","")&IF(S43="✓","Số HĐ|","")&IF(T43="✓","Ngày lập|","")&IF(U43="✓","Tổng tiền|","")&IF(V43="✓","Mã CQT|","")&IF(W43="✓","Upload XML|","")&IF(X43="✓","Captcha ảnh|","")&IF(Y43="✓","Captcha dạng tích|","")&IF(Z43="✓","Captcha khác (slider/hình)|","")&IF(AA43="✓","Đăng nhập|","")&IF(AB43="✓","Email/SĐT/OTP|",""),LEN(IF(O43="✓","Mã tra cứu|","")&IF(P43="✓","MST người bán|","")&IF(Q43="✓","MST người mua|","")&IF(R43="✓","Mẫu số / Ký hiệu|","")&IF(S43="✓","Số HĐ|","")&IF(T43="✓","Ngày lập|","")&IF(U43="✓","Tổng tiền|","")&IF(V43="✓","Mã CQT|","")&IF(W43="✓","Upload XML|","")&IF(X43="✓","Captcha ảnh|","")&IF(Y43="✓","Captcha dạng tích|","")&IF(Z43="✓","Captcha khác (slider/hình)|","")&IF(AA43="✓","Đăng nhập|","")&IF(AB43="✓","Email/SĐT/OTP|",""))-1),"|"," + "))) -> Mã tra cứu + Captcha dạng tích | N43: OK | O43: ✓ | Y43: ✓ | AC43: 2 | AD43: reCAPTCHA v2 checkbox | AE43: Tab 'Biên bản sai sót'; menu 'Đọc hóa đơn XML' (trang đọc XML riêng) | AF43: Form: 1 ô mã tra cứu + reCAPTCHA v2 (render explicit) | AG43: https://laphoadon.htinvoice.vn/TraCuu | AJ43: =IFERROR(IF(INDEX('WBS2'!$I$2:$I$25,MATCH($C43,'WBS2'!$F$2:$F$25,0))="","",INDEX('WBS2'!$I$2:$I$25,MATCH($C43,'WBS2'!$F$2:$F$25,0))),"") | AK43: =IFERROR(IF(INDEX('WBS2'!$I$27:$I$162,MATCH($C43,'WBS2'!$F$27:$F$162,0))="","",INDEX('WBS2'!$I$27:$I$162,MATCH($C43,'WBS2'!$F$27:$F$162,0))),"") -> Chưa hoàn thành | AL43: =IFERROR(IF(OR($AK43="Chưa hoàn thành",$AK43="Sẵn sàng"),INDEX('WBS2'!$H$27:$H$162,MATCH($C43,'WBS2'!$F$27:$F$162,0)),""),"") -> 46477 | AM43: =IFERROR(IF(INDEX('WBS2'!$J$27:$J$162,MATCH($C43,'WBS2'!$F$27:$F$162,0))="","",INDEX('WBS2'!$J$27:$J$162,MATCH($C43,'WBS2'!$F$27:$F$162,0))),"") -> bị chặn bởi reCAPTCHA, lấy qua mail. laphoadon.htinvoice.vn: 'Xác thực không thành công. Recaptcha' | AN43: =IFERROR(IF(INDEX('WBS2'!$I$163:$I$298,MATCH($C43,'WBS2'!$F$163:$F$298,0))="","",INDEX('WBS2'!$I$163:$I$298,MATCH($C43,'WBS2'!$F$163:$F$298,0))),"") -> Hoàn thành | AO43: =IFERROR(IF(OR($AN43="Chưa hoàn thành",$AN43="Sẵn sàng"),INDEX('WBS2'!$H$163:$H$298,MATCH($C43,'WBS2'!$F$163:$F$298,0)),""),"") | AP43: =IFERROR(IF(INDEX('WBS2'!$J$163:$J$298,MATCH($C43,'WBS2'!$F$163:$F$298,0))="","",INDEX('WBS2'!$J$163:$J$298,MATCH($C43,'WBS2'!$F$163:$F$298,0))),"")
A44: 43 | B44: Công ty Cổ phần công nghệ ITT | C44: 0105958921 | D44: Số 15 ngõ 134 Lê Trọng Tấn, phường Khương Mai, quận Thanh Xuân, Tp Hà Nội | E44: https://cloudinvoice.vn | F44: không có captcha | G44: https://tracuu.cloudinvoice.vn/ | H44: =IF(N44<>"OK","",IF(IF(O44="✓","Mã tra cứu|","")&IF(P44="✓","MST người bán|","")&IF(Q44="✓","MST người mua|","")&IF(R44="✓","Mẫu số / Ký hiệu|","")&IF(S44="✓","Số HĐ|","")&IF(T44="✓","Ngày lập|","")&IF(U44="✓","Tổng tiền|","")&IF(V44="✓","Mã CQT|","")&IF(W44="✓","Upload XML|","")&IF(X44="✓","Captcha ảnh|","")&IF(Y44="✓","Captcha dạng tích|","")&IF(Z44="✓","Captcha khác (slider/hình)|","")&IF(AA44="✓","Đăng nhập|","")&IF(AB44="✓","Email/SĐT/OTP|","")="","(không có tham số)",SUBSTITUTE(LEFT(IF(O44="✓","Mã tra cứu|","")&IF(P44="✓","MST người bán|","")&IF(Q44="✓","MST người mua|","")&IF(R44="✓","Mẫu số / Ký hiệu|","")&IF(S44="✓","Số HĐ|","")&IF(T44="✓","Ngày lập|","")&IF(U44="✓","Tổng tiền|","")&IF(V44="✓","Mã CQT|","")&IF(W44="✓","Upload XML|","")&IF(X44="✓","Captcha ảnh|","")&IF(Y44="✓","Captcha dạng tích|","")&IF(Z44="✓","Captcha khác (slider/hình)|","")&IF(AA44="✓","Đăng nhập|","")&IF(AB44="✓","Email/SĐT/OTP|",""),LEN(IF(O44="✓","Mã tra cứu|","")&IF(P44="✓","MST người bán|","")&IF(Q44="✓","MST người mua|","")&IF(R44="✓","Mẫu số / Ký hiệu|","")&IF(S44="✓","Số HĐ|","")&IF(T44="✓","Ngày lập|","")&IF(U44="✓","Tổng tiền|","")&IF(V44="✓","Mã CQT|","")&IF(W44="✓","Upload XML|","")&IF(X44="✓","Captcha ảnh|","")&IF(Y44="✓","Captcha dạng tích|","")&IF(Z44="✓","Captcha khác (slider/hình)|","")&IF(AA44="✓","Đăng nhập|","")&IF(AB44="✓","Email/SĐT/OTP|",""))-1),"|"," + "))) -> Mã tra cứu | N44: OK | O44: ✓ | AC44: 1 | AD44: không có | AF44: Chỉ 1 ô 'Nhập mã tra cứu hóa đơn'. | AG44: https://tracuu.cloudinvoice.vn/ | AJ44: =IFERROR(IF(INDEX('WBS2'!$I$2:$I$25,MATCH($C44,'WBS2'!$F$2:$F$25,0))="","",INDEX('WBS2'!$I$2:$I$25,MATCH($C44,'WBS2'!$F$2:$F$25,0))),"") | AK44: =IFERROR(IF(INDEX('WBS2'!$I$27:$I$162,MATCH($C44,'WBS2'!$F$27:$F$162,0))="","",INDEX('WBS2'!$I$27:$I$162,MATCH($C44,'WBS2'!$F$27:$F$162,0))),"") -> Chưa hoàn thành | AL44: =IFERROR(IF(OR($AK44="Chưa hoàn thành",$AK44="Sẵn sàng"),INDEX('WBS2'!$H$27:$H$162,MATCH($C44,'WBS2'!$F$27:$F$162,0)),""),"") -> 46446 | AM44: =IFERROR(IF(INDEX('WBS2'!$J$27:$J$162,MATCH($C44,'WBS2'!$F$27:$F$162,0))="","",INDEX('WBS2'!$J$27:$J$162,MATCH($C44,'WBS2'!$F$27:$F$162,0))),"") -> Chưa làm – chưa có HĐ thật. tracuu.cloudinvoice.vn: 1 ô mã tra cứu, không captcha | AN44: =IFERROR(IF(INDEX('WBS2'!$I$163:$I$298,MATCH($C44,'WBS2'!$F$163:$F$298,0))="","",INDEX('WBS2'!$I$163:$I$298,MATCH($C44,'WBS2'!$F$163:$F$298,0))),"") -> Chưa hoàn thành | AO44: =IFERROR(IF(OR($AN44="Chưa hoàn thành",$AN44="Sẵn sàng"),INDEX('WBS2'!$H$163:$H$298,MATCH($C44,'WBS2'!$F$163:$F$298,0)),""),"") -> 46446 | AP44: =IFERROR(IF(INDEX('WBS2'!$J$163:$J$298,MATCH($C44,'WBS2'!$F$163:$F$298,0))="","",INDEX('WBS2'!$J$163:$J$298,MATCH($C44,'WBS2'!$F$163:$F$298,0))),"") -> Chưa có mail/PDF nào của NCC này (kiểm DB 27/10)
A45: 44 | B45: Công ty TNHH PA Việt Nam | C45: 0302431595 | D45: 750 Sư Vạn Hạnh (nối dài), phường 12, quận 10, Tp Hồ Chí Minh | E45: https://hoadon30s.vn | F45: có captcha | G45: https://tracuu.hoadon30s.vn/ | H45: =IF(N45<>"OK","",IF(IF(O45="✓","Mã tra cứu|","")&IF(P45="✓","MST người bán|","")&IF(Q45="✓","MST người mua|","")&IF(R45="✓","Mẫu số / Ký hiệu|","")&IF(S45="✓","Số HĐ|","")&IF(T45="✓","Ngày lập|","")&IF(U45="✓","Tổng tiền|","")&IF(V45="✓","Mã CQT|","")&IF(W45="✓","Upload XML|","")&IF(X45="✓","Captcha ảnh|","")&IF(Y45="✓","Captcha dạng tích|","")&IF(Z45="✓","Captcha khác (slider/hình)|","")&IF(AA45="✓","Đăng nhập|","")&IF(AB45="✓","Email/SĐT/OTP|","")="","(không có tham số)",SUBSTITUTE(LEFT(IF(O45="✓","Mã tra cứu|","")&IF(P45="✓","MST người bán|","")&IF(Q45="✓","MST người mua|","")&IF(R45="✓","Mẫu số / Ký hiệu|","")&IF(S45="✓","Số HĐ|","")&IF(T45="✓","Ngày lập|","")&IF(U45="✓","Tổng tiền|","")&IF(V45="✓","Mã CQT|","")&IF(W45="✓","Upload XML|","")&IF(X45="✓","Captcha ảnh|","")&IF(Y45="✓","Captcha dạng tích|","")&IF(Z45="✓","Captcha khác (slider/hình)|","")&IF(AA45="✓","Đăng nhập|","")&IF(AB45="✓","Email/SĐT/OTP|",""),LEN(IF(O45="✓","Mã tra cứu|","")&IF(P45="✓","MST người bán|","")&IF(Q45="✓","MST người mua|","")&IF(R45="✓","Mẫu số / Ký hiệu|","")&IF(S45="✓","Số HĐ|","")&IF(T45="✓","Ngày lập|","")&IF(U45="✓","Tổng tiền|","")&IF(V45="✓","Mã CQT|","")&IF(W45="✓","Upload XML|","")&IF(X45="✓","Captcha ảnh|","")&IF(Y45="✓","Captcha dạng tích|","")&IF(Z45="✓","Captcha khác (slider/hình)|","")&IF(AA45="✓","Đăng nhập|","")&IF(AB45="✓","Email/SĐT/OTP|",""))-1),"|"," + "))) -> Mã tra cứu + Captcha ảnh | I45: Xong | K45: 0 | L45: g_160x75 | N45: OK | O45: ✓ | X45: ✓ | AC45: 2 | AD45: ảnh 160x75 (GET /load-capcha, đặt làm background của ô input), ô 'Mã bảo vệ' | AE45: Chọn 'Theo file xml' (dropdown ckbtype): upload XML, ô captcha bị ẩn; dropdown thông tư 78 (mặc định) / 32 | AF45: Form thường, không phải SPA. Ghi chú trên trang: mã tra cứu nằm trong email người bán gửi. | AG45: https://tracuu.hoadon30s.vn/ | AJ45: =IFERROR(IF(INDEX('WBS2'!$I$2:$I$25,MATCH($C45,'WBS2'!$F$2:$F$25,0))="","",INDEX('WBS2'!$I$2:$I$25,MATCH($C45,'WBS2'!$F$2:$F$25,0))),"") -> Đang training | AK45: =IFERROR(IF(INDEX('WBS2'!$I$27:$I$162,MATCH($C45,'WBS2'!$F$27:$F$162,0))="","",INDEX('WBS2'!$I$27:$I$162,MATCH($C45,'WBS2'!$F$27:$F$162,0))),"") -> Hoàn thành | AL45: =IFERROR(IF(OR($AK45="Chưa hoàn thành",$AK45="Sẵn sàng"),INDEX('WBS2'!$H$27:$H$162,MATCH($C45,'WBS2'!$F$27:$F$162,0)),""),"") | AM45: =IFERROR(IF(INDEX('WBS2'!$J$27:$J$162,MATCH($C45,'WBS2'!$F$27:$F$162,0))="","",INDEX('WBS2'!$J$27:$J$162,MATCH($C45,'WBS2'!$F$27:$F$162,0))),"") | AN45: =IFERROR(IF(INDEX('WBS2'!$I$163:$I$298,MATCH($C45,'WBS2'!$F$163:$F$298,0))="","",INDEX('WBS2'!$I$163:$I$298,MATCH($C45,'WBS2'!$F$163:$F$298,0))),"") -> Hoàn thành | AO45: =IFERROR(IF(OR($AN45="Chưa hoàn thành",$AN45="Sẵn sàng"),INDEX('WBS2'!$H$163:$H$298,MATCH($C45,'WBS2'!$F$163:$F$298,0)),""),"") | AP45: =IFERROR(IF(INDEX('WBS2'!$J$163:$J$298,MATCH($C45,'WBS2'!$F$163:$F$298,0))="","",INDEX('WBS2'!$J$163:$J$298,MATCH($C45,'WBS2'!$F$163:$F$298,0))),"")
A46: 45 | B46: Công ty Cổ phần tích hợp công nghệ VNISC | C46: 0103018807 | D46: Số 21 ngõ 84/24 phó Ngọc Khánh, phường Giảng Võ, quận Ba Đình, Tp Hà Nội | E46: https://vnisc.com.vn | F46: có captcha | G46: https://invoice.abcsys.vn/Invoice/Search | H46: =IF(N46<>"OK","",IF(IF(O46="✓","Mã tra cứu|","")&IF(P46="✓","MST người bán|","")&IF(Q46="✓","MST người mua|","")&IF(R46="✓","Mẫu số / Ký hiệu|","")&IF(S46="✓","Số HĐ|","")&IF(T46="✓","Ngày lập|","")&IF(U46="✓","Tổng tiền|","")&IF(V46="✓","Mã CQT|","")&IF(W46="✓","Upload XML|","")&IF(X46="✓","Captcha ảnh|","")&IF(Y46="✓","Captcha dạng tích|","")&IF(Z46="✓","Captcha khác (slider/hình)|","")&IF(AA46="✓","Đăng nhập|","")&IF(AB46="✓","Email/SĐT/OTP|","")="","(không có tham số)",SUBSTITUTE(LEFT(IF(O46="✓","Mã tra cứu|","")&IF(P46="✓","MST người bán|","")&IF(Q46="✓","MST người mua|","")&IF(R46="✓","Mẫu số / Ký hiệu|","")&IF(S46="✓","Số HĐ|","")&IF(T46="✓","Ngày lập|","")&IF(U46="✓","Tổng tiền|","")&IF(V46="✓","Mã CQT|","")&IF(W46="✓","Upload XML|","")&IF(X46="✓","Captcha ảnh|","")&IF(Y46="✓","Captcha dạng tích|","")&IF(Z46="✓","Captcha khác (slider/hình)|","")&IF(AA46="✓","Đăng nhập|","")&IF(AB46="✓","Email/SĐT/OTP|",""),LEN(IF(O46="✓","Mã tra cứu|","")&IF(P46="✓","MST người bán|","")&IF(Q46="✓","MST người mua|","")&IF(R46="✓","Mẫu số / Ký hiệu|","")&IF(S46="✓","Số HĐ|","")&IF(T46="✓","Ngày lập|","")&IF(U46="✓","Tổng tiền|","")&IF(V46="✓","Mã CQT|","")&IF(W46="✓","Upload XML|","")&IF(X46="✓","Captcha ảnh|","")&IF(Y46="✓","Captcha dạng tích|","")&IF(Z46="✓","Captcha khác (slider/hình)|","")&IF(AA46="✓","Đăng nhập|","")&IF(AB46="✓","Email/SĐT/OTP|",""))-1),"|"," + "))) -> Mã tra cứu + MST người bán + Ngày lập + Captcha ảnh | I46: Xong | L46: g_150x50_1 | M46: https://invoice.abcsys.vn/Capchar/ShowCaptchaImage | N46: OK | O46: ✓ | P46: ✓ | T46: ✓ | X46: ✓ | AC46: 4 | AD46: ảnh PNG base64 180x50 từ API gateway.v50.vninvoice.vn/api/portal/PortalApiService/captcha (hiển thị 288x80); nút 'reCaptcha' chỉ để làm mới ảnh, không phải Google reCAPTCHA | AE46: Tab 'Tra cứu chứng từ TNCN': số bảo mật + captcha ảnh; Tab 'Tra cứu theo XML': loại chứng từ + upload XML + captcha ảnh; Tab 'Xác thực XML': upload XML + captcha ảnh | AF46: SPA Angular (ng-zorro). Form mặc định: khoảng ngày HĐ (bắt đầu/kết thúc) + số bảo mật + MST người bán + mã xác thực. Ảnh thật 180x50, khác tên nhóm g_150x50_1. | AG46: https://tracuu.v50.vninvoice.vn/ | AJ46: =IFERROR(IF(INDEX('WBS2'!$I$2:$I$25,MATCH($C46,'WBS2'!$F$2:$F$25,0))="","",INDEX('WBS2'!$I$2:$I$25,MATCH($C46,'WBS2'!$F$2:$F$25,0))),"") -> Đang training | AK46: =IFERROR(IF(INDEX('WBS2'!$I$27:$I$162,MATCH($C46,'WBS2'!$F$27:$F$162,0))="","",INDEX('WBS2'!$I$27:$I$162,MATCH($C46,'WBS2'!$F$27:$F$162,0))),"") -> Hoàn thành | AL46: =IFERROR(IF(OR($AK46="Chưa hoàn thành",$AK46="Sẵn sàng"),INDEX('WBS2'!$H$27:$H$162,MATCH($C46,'WBS2'!$F$27:$F$162,0)),""),"") | AM46: =IFERROR(IF(INDEX('WBS2'!$J$27:$J$162,MATCH($C46,'WBS2'!$F$27:$F$162,0))="","",INDEX('WBS2'!$J$27:$J$162,MATCH($C46,'WBS2'!$F$27:$F$162,0))),"") | AN46: =IFERROR(IF(INDEX('WBS2'!$I$163:$I$298,MATCH($C46,'WBS2'!$F$163:$F$298,0))="","",INDEX('WBS2'!$I$163:$I$298,MATCH($C46,'WBS2'!$F$163:$F$298,0))),"") -> Hoàn thành | AO46: =IFERROR(IF(OR($AN46="Chưa hoàn thành",$AN46="Sẵn sàng"),INDEX('WBS2'!$H$163:$H$298,MATCH($C46,'WBS2'!$F$163:$F$298,0)),""),"") | AP46: =IFERROR(IF(INDEX('WBS2'!$J$163:$J$298,MATCH($C46,'WBS2'!$F$163:$F$298,0))="","",INDEX('WBS2'!$J$163:$J$298,MATCH($C46,'WBS2'!$F$163:$F$298,0))),"")
A47: 46 | B47: Công ty TNHH Giải pháp hóa đơn điện tử My – Invoice | C47: 0106820789 | D47: Số 1/35 ngõ 196 đường Đại Mỗ, phường Đại Mỗ, quận Nam Từ Liêm, Tp Hà Nội | E47: https://hoadondientuvn.info | F47: có captcha | G47: https://tracuu.hoadondientuvn.info/#/tracuuhoadon/tracuu | H47: =IF(N47<>"OK","",IF(IF(O47="✓","Mã tra cứu|","")&IF(P47="✓","MST người bán|","")&IF(Q47="✓","MST người mua|","")&IF(R47="✓","Mẫu số / Ký hiệu|","")&IF(S47="✓","Số HĐ|","")&IF(T47="✓","Ngày lập|","")&IF(U47="✓","Tổng tiền|","")&IF(V47="✓","Mã CQT|","")&IF(W47="✓","Upload XML|","")&IF(X47="✓","Captcha ảnh|","")&IF(Y47="✓","Captcha dạng tích|","")&IF(Z47="✓","Captcha khác (slider/hình)|","")&IF(AA47="✓","Đăng nhập|","")&IF(AB47="✓","Email/SĐT/OTP|","")="","(không có tham số)",SUBSTITUTE(LEFT(IF(O47="✓","Mã tra cứu|","")&IF(P47="✓","MST người bán|","")&IF(Q47="✓","MST người mua|","")&IF(R47="✓","Mẫu số / Ký hiệu|","")&IF(S47="✓","Số HĐ|","")&IF(T47="✓","Ngày lập|","")&IF(U47="✓","Tổng tiền|","")&IF(V47="✓","Mã CQT|","")&IF(W47="✓","Upload XML|","")&IF(X47="✓","Captcha ảnh|","")&IF(Y47="✓","Captcha dạng tích|","")&IF(Z47="✓","Captcha khác (slider/hình)|","")&IF(AA47="✓","Đăng nhập|","")&IF(AB47="✓","Email/SĐT/OTP|",""),LEN(IF(O47="✓","Mã tra cứu|","")&IF(P47="✓","MST người bán|","")&IF(Q47="✓","MST người mua|","")&IF(R47="✓","Mẫu số / Ký hiệu|","")&IF(S47="✓","Số HĐ|","")&IF(T47="✓","Ngày lập|","")&IF(U47="✓","Tổng tiền|","")&IF(V47="✓","Mã CQT|","")&IF(W47="✓","Upload XML|","")&IF(X47="✓","Captcha ảnh|","")&IF(Y47="✓","Captcha dạng tích|","")&IF(Z47="✓","Captcha khác (slider/hình)|","")&IF(AA47="✓","Đăng nhập|","")&IF(AB47="✓","Email/SĐT/OTP|",""))-1),"|"," + "))) -> Mã tra cứu + Captcha ảnh | I47: Xong | J47: https://bill2app.xcyber.vn/api/services/hddt/TraCuuHoaDon/RefreshCaptcha | K47: 0.9447 | L47: g_180x45 | N47: OK | O47: ✓ | X47: ✓ | AC47: 2 | AD47: ảnh base64 300x75 (hiển thị 180x45) từ API bill2app.xcyber.vn/.../TraCuuHoaDon/RefreshCaptcha; recaptcha/api.js có nạp nhưng không render ô tích | AE47: Tab 'Xác thực hóa đơn' (#/tracuuhoadon/xacthuc): upload file XML + chọn cấu trúc (TT32 cũ/mới) + captcha ảnh | AF47: SPA (nền tảng xcyber, giống tracuu.lienson.vn). Ảnh thật 300x75; nhóm ghi g_180x45 là kích thước hiển thị. | AG47: https://tracuu.hoadondientuvn.info/#/tracuuhoadon/tracuu | AJ47: =IFERROR(IF(INDEX('WBS2'!$I$2:$I$25,MATCH($C47,'WBS2'!$F$2:$F$25,0))="","",INDEX('WBS2'!$I$2:$I$25,MATCH($C47,'WBS2'!$F$2:$F$25,0))),"") -> Hoàn thành | AK47: =IFERROR(IF(INDEX('WBS2'!$I$27:$I$162,MATCH($C47,'WBS2'!$F$27:$F$162,0))="","",INDEX('WBS2'!$I$27:$I$162,MATCH($C47,'WBS2'!$F$27:$F$162,0))),"") -> Sẵn sàng | AL47: =IFERROR(IF(OR($AK47="Chưa hoàn thành",$AK47="Sẵn sàng"),INDEX('WBS2'!$H$27:$H$162,MATCH($C47,'WBS2'!$F$27:$F$162,0)),""),"") -> 46356 | AM47: =IFERROR(IF(INDEX('WBS2'!$J$27:$J$162,MATCH($C47,'WBS2'!$F$27:$F$162,0))="","",INDEX('WBS2'!$J$27:$J$162,MATCH($C47,'WBS2'!$F$27:$F$162,0))),"") -> myinvoicevn – xcyber bill2app, captcha g_300x75; 27/10 cổng tracuu.hoadondientuvn.info không truy cập được | AN47: =IFERROR(IF(INDEX('WBS2'!$I$163:$I$298,MATCH($C47,'WBS2'!$F$163:$F$298,0))="","",INDEX('WBS2'!$I$163:$I$298,MATCH($C47,'WBS2'!$F$163:$F$298,0))),"") -> Sẵn sàng | AO47: =IFERROR(IF(OR($AN47="Chưa hoàn thành",$AN47="Sẵn sàng"),INDEX('WBS2'!$H$163:$H$298,MATCH($C47,'WBS2'!$F$163:$F$298,0)),""),"") -> 46356 | AP47: =IFERROR(IF(INDEX('WBS2'!$J$163:$J$298,MATCH($C47,'WBS2'!$F$163:$F$298,0))="","",INDEX('WBS2'!$J$163:$J$298,MATCH($C47,'WBS2'!$F$163:$F$298,0))),"")
A48: 47 | B48: Công ty Cổ phần Chứng số An toàn | C48: 0310151055 | D48: X-04.77, tòa nhà North Towers, Sunrise City, số 27 Nguyễn Hữu Thọ, phường Tân Hưng, quận 7, Tp Hồ Chí Minh | E48: https://www.SAFEinvoice.vn | F48: captcha dạng tích | G48: https://www.safecert.com.vn/search_certificate | H48: =IF(N48<>"OK","",IF(IF(O48="✓","Mã tra cứu|","")&IF(P48="✓","MST người bán|","")&IF(Q48="✓","MST người mua|","")&IF(R48="✓","Mẫu số / Ký hiệu|","")&IF(S48="✓","Số HĐ|","")&IF(T48="✓","Ngày lập|","")&IF(U48="✓","Tổng tiền|","")&IF(V48="✓","Mã CQT|","")&IF(W48="✓","Upload XML|","")&IF(X48="✓","Captcha ảnh|","")&IF(Y48="✓","Captcha dạng tích|","")&IF(Z48="✓","Captcha khác (slider/hình)|","")&IF(AA48="✓","Đăng nhập|","")&IF(AB48="✓","Email/SĐT/OTP|","")="","(không có tham số)",SUBSTITUTE(LEFT(IF(O48="✓","Mã tra cứu|","")&IF(P48="✓","MST người bán|","")&IF(Q48="✓","MST người mua|","")&IF(R48="✓","Mẫu số / Ký hiệu|","")&IF(S48="✓","Số HĐ|","")&IF(T48="✓","Ngày lập|","")&IF(U48="✓","Tổng tiền|","")&IF(V48="✓","Mã CQT|","")&IF(W48="✓","Upload XML|","")&IF(X48="✓","Captcha ảnh|","")&IF(Y48="✓","Captcha dạng tích|","")&IF(Z48="✓","Captcha khác (slider/hình)|","")&IF(AA48="✓","Đăng nhập|","")&IF(AB48="✓","Email/SĐT/OTP|",""),LEN(IF(O48="✓","Mã tra cứu|","")&IF(P48="✓","MST người bán|","")&IF(Q48="✓","MST người mua|","")&IF(R48="✓","Mẫu số / Ký hiệu|","")&IF(S48="✓","Số HĐ|","")&IF(T48="✓","Ngày lập|","")&IF(U48="✓","Tổng tiền|","")&IF(V48="✓","Mã CQT|","")&IF(W48="✓","Upload XML|","")&IF(X48="✓","Captcha ảnh|","")&IF(Y48="✓","Captcha dạng tích|","")&IF(Z48="✓","Captcha khác (slider/hình)|","")&IF(AA48="✓","Đăng nhập|","")&IF(AB48="✓","Email/SĐT/OTP|",""))-1),"|"," + "))) | N48: Không xác định | Y48: ✓ | AD48: reCAPTCHA v2 checkbox (size=normal) | AF48: Link là trang tra cứu CHỨNG THƯ SỐ (tên cá nhân/tổ chức + MST/CCCD/CMND), không phải form tra HĐ. Web www.SAFEinvoice.vn không phân giải DNS; menu safecert.com.vn chỉ có link này. Không tìm được cổng tra HĐ. | AG48: https://www.safecert.com.vn/search_certificate | AJ48: =IFERROR(IF(INDEX('WBS2'!$I$2:$I$25,MATCH($C48,'WBS2'!$F$2:$F$25,0))="","",INDEX('WBS2'!$I$2:$I$25,MATCH($C48,'WBS2'!$F$2:$F$25,0))),"") | AK48: =IFERROR(IF(INDEX('WBS2'!$I$27:$I$162,MATCH($C48,'WBS2'!$F$27:$F$162,0))="","",INDEX('WBS2'!$I$27:$I$162,MATCH($C48,'WBS2'!$F$27:$F$162,0))),"") -> Chưa hoàn thành | AL48: =IFERROR(IF(OR($AK48="Chưa hoàn thành",$AK48="Sẵn sàng"),INDEX('WBS2'!$H$27:$H$162,MATCH($C48,'WBS2'!$F$27:$F$162,0)),""),"") -> 46477 | AM48: =IFERROR(IF(INDEX('WBS2'!$J$27:$J$162,MATCH($C48,'WBS2'!$F$27:$F$162,0))="","",INDEX('WBS2'!$J$27:$J$162,MATCH($C48,'WBS2'!$F$27:$F$162,0))),"") -> Không làm được qua link tra cứu – bị chặn bởi reCAPTCHA v2 (server kiểm), lấy qua mail. safecert.com.vn | AN48: =IFERROR(IF(INDEX('WBS2'!$I$163:$I$298,MATCH($C48,'WBS2'!$F$163:$F$298,0))="","",INDEX('WBS2'!$I$163:$I$298,MATCH($C48,'WBS2'!$F$163:$F$298,0))),"") -> Chưa hoàn thành | AO48: =IFERROR(IF(OR($AN48="Chưa hoàn thành",$AN48="Sẵn sàng"),INDEX('WBS2'!$H$163:$H$298,MATCH($C48,'WBS2'!$F$163:$F$298,0)),""),"") -> 46477 | AP48: =IFERROR(IF(INDEX('WBS2'!$J$163:$J$298,MATCH($C48,'WBS2'!$F$163:$F$298,0))="","",INDEX('WBS2'!$J$163:$J$298,MATCH($C48,'WBS2'!$F$163:$F$298,0))),"") -> Chưa có mail/PDF nào của NCC này (kiểm DB 27/10)
A49: 48 | B49: Công ty Cổ phần công nghệ San Phú | C49: 0303430876 | D49: Phòng 0206, Block A, tòa nhà Lexingtn, 67 Mai Chí Thọ, phường An Phú, thành phố Thủ Đức, Tp Hồ Chí Minh | E49: www.spc-technology.com | F49: đọc xml | G49: https://dailychukyso.com.vn/mst/tools/read-xml.php | H49: =IF(N49<>"OK","",IF(IF(O49="✓","Mã tra cứu|","")&IF(P49="✓","MST người bán|","")&IF(Q49="✓","MST người mua|","")&IF(R49="✓","Mẫu số / Ký hiệu|","")&IF(S49="✓","Số HĐ|","")&IF(T49="✓","Ngày lập|","")&IF(U49="✓","Tổng tiền|","")&IF(V49="✓","Mã CQT|","")&IF(W49="✓","Upload XML|","")&IF(X49="✓","Captcha ảnh|","")&IF(Y49="✓","Captcha dạng tích|","")&IF(Z49="✓","Captcha khác (slider/hình)|","")&IF(AA49="✓","Đăng nhập|","")&IF(AB49="✓","Email/SĐT/OTP|","")="","(không có tham số)",SUBSTITUTE(LEFT(IF(O49="✓","Mã tra cứu|","")&IF(P49="✓","MST người bán|","")&IF(Q49="✓","MST người mua|","")&IF(R49="✓","Mẫu số / Ký hiệu|","")&IF(S49="✓","Số HĐ|","")&IF(T49="✓","Ngày lập|","")&IF(U49="✓","Tổng tiền|","")&IF(V49="✓","Mã CQT|","")&IF(W49="✓","Upload XML|","")&IF(X49="✓","Captcha ảnh|","")&IF(Y49="✓","Captcha dạng tích|","")&IF(Z49="✓","Captcha khác (slider/hình)|","")&IF(AA49="✓","Đăng nhập|","")&IF(AB49="✓","Email/SĐT/OTP|",""),LEN(IF(O49="✓","Mã tra cứu|","")&IF(P49="✓","MST người bán|","")&IF(Q49="✓","MST người mua|","")&IF(R49="✓","Mẫu số / Ký hiệu|","")&IF(S49="✓","Số HĐ|","")&IF(T49="✓","Ngày lập|","")&IF(U49="✓","Tổng tiền|","")&IF(V49="✓","Mã CQT|","")&IF(W49="✓","Upload XML|","")&IF(X49="✓","Captcha ảnh|","")&IF(Y49="✓","Captcha dạng tích|","")&IF(Z49="✓","Captcha khác (slider/hình)|","")&IF(AA49="✓","Đăng nhập|","")&IF(AB49="✓","Email/SĐT/OTP|",""))-1),"|"," + "))) -> Upload XML | N49: OK | W49: ✓ | AC49: 1 | AD49: không có trên form chính (có khối captcha GDT dạng SVG 140x50 đang ẩn, có lẽ chỉ hiện khi kiểm tra với CQT sau khi đọc XML) | AF49: Công cụ đọc XML của bên thứ ba (MST Lookup), không phải cổng tra cứu của NCC: kéo thả file XML, đọc ngay trên trình duyệt, in PDF từ XML. Web spc-technology.com là trang ERP, không có link tra HĐ. | AG49: https://dailychukyso.com.vn/mst/tools/read-xml.php | AJ49: =IFERROR(IF(INDEX('WBS2'!$I$2:$I$25,MATCH($C49,'WBS2'!$F$2:$F$25,0))="","",INDEX('WBS2'!$I$2:$I$25,MATCH($C49,'WBS2'!$F$2:$F$25,0))),"") | AK49: =IFERROR(IF(INDEX('WBS2'!$I$27:$I$162,MATCH($C49,'WBS2'!$F$27:$F$162,0))="","",INDEX('WBS2'!$I$27:$I$162,MATCH($C49,'WBS2'!$F$27:$F$162,0))),"") -> Chưa hoàn thành | AL49: =IFERROR(IF(OR($AK49="Chưa hoàn thành",$AK49="Sẵn sàng"),INDEX('WBS2'!$H$27:$H$162,MATCH($C49,'WBS2'!$F$27:$F$162,0)),""),"") -> 46477 | AM49: =IFERROR(IF(INDEX('WBS2'!$J$27:$J$162,MATCH($C49,'WBS2'!$F$27:$F$162,0))="","",INDEX('WBS2'!$J$27:$J$162,MATCH($C49,'WBS2'!$F$27:$F$162,0))),"") -> Không làm được qua link tra cứu – chỉ là công cụ đọc XML. dailychukyso.com.vn/read-xml.php | AN49: =IFERROR(IF(INDEX('WBS2'!$I$163:$I$298,MATCH($C49,'WBS2'!$F$163:$F$298,0))="","",INDEX('WBS2'!$I$163:$I$298,MATCH($C49,'WBS2'!$F$163:$F$298,0))),"") -> Chưa hoàn thành | AO49: =IFERROR(IF(OR($AN49="Chưa hoàn thành",$AN49="Sẵn sàng"),INDEX('WBS2'!$H$163:$H$298,MATCH($C49,'WBS2'!$F$163:$F$298,0)),""),"") -> 46477 | AP49: =IFERROR(IF(INDEX('WBS2'!$J$163:$J$298,MATCH($C49,'WBS2'!$F$163:$F$298,0))="","",INDEX('WBS2'!$J$163:$J$298,MATCH($C49,'WBS2'!$F$163:$F$298,0))),"") -> Chưa có mail/PDF nào của NCC này (kiểm DB 27/10)
A50: 49 | B50: Công ty TNHH Giấy vi tính Liên Sơn | C50: 0301452923 | D50: 34 Nguyễn Bỉnh Khiêm, phường Đa Kao, quận 1, Tp Hồ Chí Minh | E50: https://hoadondientu.lienson.vn | F50: có captcha | G50: https://tracuu.lienson.vn/#/tracuuhoadon/tracuu | H50: =IF(N50<>"OK","",IF(IF(O50="✓","Mã tra cứu|","")&IF(P50="✓","MST người bán|","")&IF(Q50="✓","MST người mua|","")&IF(R50="✓","Mẫu số / Ký hiệu|","")&IF(S50="✓","Số HĐ|","")&IF(T50="✓","Ngày lập|","")&IF(U50="✓","Tổng tiền|","")&IF(V50="✓","Mã CQT|","")&IF(W50="✓","Upload XML|","")&IF(X50="✓","Captcha ảnh|","")&IF(Y50="✓","Captcha dạng tích|","")&IF(Z50="✓","Captcha khác (slider/hình)|","")&IF(AA50="✓","Đăng nhập|","")&IF(AB50="✓","Email/SĐT/OTP|","")="","(không có tham số)",SUBSTITUTE(LEFT(IF(O50="✓","Mã tra cứu|","")&IF(P50="✓","MST người bán|","")&IF(Q50="✓","MST người mua|","")&IF(R50="✓","Mẫu số / Ký hiệu|","")&IF(S50="✓","Số HĐ|","")&IF(T50="✓","Ngày lập|","")&IF(U50="✓","Tổng tiền|","")&IF(V50="✓","Mã CQT|","")&IF(W50="✓","Upload XML|","")&IF(X50="✓","Captcha ảnh|","")&IF(Y50="✓","Captcha dạng tích|","")&IF(Z50="✓","Captcha khác (slider/hình)|","")&IF(AA50="✓","Đăng nhập|","")&IF(AB50="✓","Email/SĐT/OTP|",""),LEN(IF(O50="✓","Mã tra cứu|","")&IF(P50="✓","MST người bán|","")&IF(Q50="✓","MST người mua|","")&IF(R50="✓","Mẫu số / Ký hiệu|","")&IF(S50="✓","Số HĐ|","")&IF(T50="✓","Ngày lập|","")&IF(U50="✓","Tổng tiền|","")&IF(V50="✓","Mã CQT|","")&IF(W50="✓","Upload XML|","")&IF(X50="✓","Captcha ảnh|","")&IF(Y50="✓","Captcha dạng tích|","")&IF(Z50="✓","Captcha khác (slider/hình)|","")&IF(AA50="✓","Đăng nhập|","")&IF(AB50="✓","Email/SĐT/OTP|",""))-1),"|"," + "))) -> Mã tra cứu + Captcha ảnh | I50: Xong | K50: 0.977 | L50: g_300x75 | N50: OK | O50: ✓ | X50: ✓ | AC50: 2 | AD50: ảnh base64 300x75 (hiển thị 180x45) từ API ls-invoiceapp.lienson.vn/.../TraCuuHoaDon/RefreshCaptcha; recaptcha/api.js có nạp nhưng không render ô tích | AE50: Tab 'Xác thực hóa đơn': upload file XML + chọn cấu trúc + captcha ảnh | AF50: SPA, cùng nền tảng xcyber với tracuu.hoadondientuvn.info (row 47). | AG50: https://tracuu.lienson.vn/#/tracuuhoadon/tracuu | AJ50: =IFERROR(IF(INDEX('WBS2'!$I$2:$I$25,MATCH($C50,'WBS2'!$F$2:$F$25,0))="","",INDEX('WBS2'!$I$2:$I$25,MATCH($C50,'WBS2'!$F$2:$F$25,0))),"") -> Hoàn thành | AK50: =IFERROR(IF(INDEX('WBS2'!$I$27:$I$162,MATCH($C50,'WBS2'!$F$27:$F$162,0))="","",INDEX('WBS2'!$I$27:$I$162,MATCH($C50,'WBS2'!$F$27:$F$162,0))),"") -> Sẵn sàng | AL50: =IFERROR(IF(OR($AK50="Chưa hoàn thành",$AK50="Sẵn sàng"),INDEX('WBS2'!$H$27:$H$162,MATCH($C50,'WBS2'!$F$27:$F$162,0)),""),"") -> 46356 | AM50: =IFERROR(IF(INDEX('WBS2'!$J$27:$J$162,MATCH($C50,'WBS2'!$F$27:$F$162,0))="","",INDEX('WBS2'!$J$27:$J$162,MATCH($C50,'WBS2'!$F$27:$F$162,0))),"") -> lienson – nền xcyber, captcha g_300x75 (server nhận) | AN50: =IFERROR(IF(INDEX('WBS2'!$I$163:$I$298,MATCH($C50,'WBS2'!$F$163:$F$298,0))="","",INDEX('WBS2'!$I$163:$I$298,MATCH($C50,'WBS2'!$F$163:$F$298,0))),"") -> Sẵn sàng | AO50: =IFERROR(IF(OR($AN50="Chưa hoàn thành",$AN50="Sẵn sàng"),INDEX('WBS2'!$H$163:$H$298,MATCH($C50,'WBS2'!$F$163:$F$298,0)),""),"") -> 46356 | AP50: =IFERROR(IF(INDEX('WBS2'!$J$163:$J$298,MATCH($C50,'WBS2'!$F$163:$F$298,0))="","",INDEX('WBS2'!$J$163:$J$298,MATCH($C50,'WBS2'!$F$163:$F$298,0))),"")
A51: 50 | B51: Công ty TNHH Thương Mại dịch vụ Online VI NA | C51: 0314185087 | D51: 22/1/2 Nguyễn Văn Săng, phường Tân Sơn Nhì, quận Tân Phú, Tp Hồ Chí Minh | E51: https://onlinevina.com.vn | F51: Không có captcha | G51: https://hoadon.onlinevina.com.vn/invoice | H51: =IF(N51<>"OK","",IF(IF(O51="✓","Mã tra cứu|","")&IF(P51="✓","MST người bán|","")&IF(Q51="✓","MST người mua|","")&IF(R51="✓","Mẫu số / Ký hiệu|","")&IF(S51="✓","Số HĐ|","")&IF(T51="✓","Ngày lập|","")&IF(U51="✓","Tổng tiền|","")&IF(V51="✓","Mã CQT|","")&IF(W51="✓","Upload XML|","")&IF(X51="✓","Captcha ảnh|","")&IF(Y51="✓","Captcha dạng tích|","")&IF(Z51="✓","Captcha khác (slider/hình)|","")&IF(AA51="✓","Đăng nhập|","")&IF(AB51="✓","Email/SĐT/OTP|","")="","(không có tham số)",SUBSTITUTE(LEFT(IF(O51="✓","Mã tra cứu|","")&IF(P51="✓","MST người bán|","")&IF(Q51="✓","MST người mua|","")&IF(R51="✓","Mẫu số / Ký hiệu|","")&IF(S51="✓","Số HĐ|","")&IF(T51="✓","Ngày lập|","")&IF(U51="✓","Tổng tiền|","")&IF(V51="✓","Mã CQT|","")&IF(W51="✓","Upload XML|","")&IF(X51="✓","Captcha ảnh|","")&IF(Y51="✓","Captcha dạng tích|","")&IF(Z51="✓","Captcha khác (slider/hình)|","")&IF(AA51="✓","Đăng nhập|","")&IF(AB51="✓","Email/SĐT/OTP|",""),LEN(IF(O51="✓","Mã tra cứu|","")&IF(P51="✓","MST người bán|","")&IF(Q51="✓","MST người mua|","")&IF(R51="✓","Mẫu số / Ký hiệu|","")&IF(S51="✓","Số HĐ|","")&IF(T51="✓","Ngày lập|","")&IF(U51="✓","Tổng tiền|","")&IF(V51="✓","Mã CQT|","")&IF(W51="✓","Upload XML|","")&IF(X51="✓","Captcha ảnh|","")&IF(Y51="✓","Captcha dạng tích|","")&IF(Z51="✓","Captcha khác (slider/hình)|","")&IF(AA51="✓","Đăng nhập|","")&IF(AB51="✓","Email/SĐT/OTP|",""))-1),"|"," + "))) -> Mã tra cứu | N51: OK | O51: ✓ | AC51: 1 | AD51: không có | AF51: Chỉ 1 ô 'Mã tra cứu(*)' (input type=password). | AG51: https://hoadon.onlinevina.com.vn/invoice | AJ51: =IFERROR(IF(INDEX('WBS2'!$I$2:$I$25,MATCH($C51,'WBS2'!$F$2:$F$25,0))="","",INDEX('WBS2'!$I$2:$I$25,MATCH($C51,'WBS2'!$F$2:$F$25,0))),"") | AK51: =IFERROR(IF(INDEX('WBS2'!$I$27:$I$162,MATCH($C51,'WBS2'!$F$27:$F$162,0))="","",INDEX('WBS2'!$I$27:$I$162,MATCH($C51,'WBS2'!$F$27:$F$162,0))),"") -> Hoàn thành | AL51: =IFERROR(IF(OR($AK51="Chưa hoàn thành",$AK51="Sẵn sàng"),INDEX('WBS2'!$H$27:$H$162,MATCH($C51,'WBS2'!$F$27:$F$162,0)),""),"") | AM51: =IFERROR(IF(INDEX('WBS2'!$J$27:$J$162,MATCH($C51,'WBS2'!$F$27:$F$162,0))="","",INDEX('WBS2'!$J$27:$J$162,MATCH($C51,'WBS2'!$F$27:$F$162,0))),"") | AN51: =IFERROR(IF(INDEX('WBS2'!$I$163:$I$298,MATCH($C51,'WBS2'!$F$163:$F$298,0))="","",INDEX('WBS2'!$I$163:$I$298,MATCH($C51,'WBS2'!$F$163:$F$298,0))),"") -> Hoàn thành | AO51: =IFERROR(IF(OR($AN51="Chưa hoàn thành",$AN51="Sẵn sàng"),INDEX('WBS2'!$H$163:$H$298,MATCH($C51,'WBS2'!$F$163:$F$298,0)),""),"") | AP51: =IFERROR(IF(INDEX('WBS2'!$J$163:$J$298,MATCH($C51,'WBS2'!$F$163:$F$298,0))="","",INDEX('WBS2'!$J$163:$J$298,MATCH($C51,'WBS2'!$F$163:$F$298,0))),"")
A52: 51 | B52: Công ty Cổ phần dịch vụ viễn thông và in Bưu điện | C52: 0100687474 | D52: Số 564, đường Nguyễn Văn Cừ, phường Gia Thụy, quận Long Biên, Tp Hà Nội | E52: https://hoadondientu-ptp.vn | F52: Không có captcha | G52: https://hoadondientu-ptp.vn/tra-cuu/ | H52: =IF(N52<>"OK","",IF(IF(O52="✓","Mã tra cứu|","")&IF(P52="✓","MST người bán|","")&IF(Q52="✓","MST người mua|","")&IF(R52="✓","Mẫu số / Ký hiệu|","")&IF(S52="✓","Số HĐ|","")&IF(T52="✓","Ngày lập|","")&IF(U52="✓","Tổng tiền|","")&IF(V52="✓","Mã CQT|","")&IF(W52="✓","Upload XML|","")&IF(X52="✓","Captcha ảnh|","")&IF(Y52="✓","Captcha dạng tích|","")&IF(Z52="✓","Captcha khác (slider/hình)|","")&IF(AA52="✓","Đăng nhập|","")&IF(AB52="✓","Email/SĐT/OTP|","")="","(không có tham số)",SUBSTITUTE(LEFT(IF(O52="✓","Mã tra cứu|","")&IF(P52="✓","MST người bán|","")&IF(Q52="✓","MST người mua|","")&IF(R52="✓","Mẫu số / Ký hiệu|","")&IF(S52="✓","Số HĐ|","")&IF(T52="✓","Ngày lập|","")&IF(U52="✓","Tổng tiền|","")&IF(V52="✓","Mã CQT|","")&IF(W52="✓","Upload XML|","")&IF(X52="✓","Captcha ảnh|","")&IF(Y52="✓","Captcha dạng tích|","")&IF(Z52="✓","Captcha khác (slider/hình)|","")&IF(AA52="✓","Đăng nhập|","")&IF(AB52="✓","Email/SĐT/OTP|",""),LEN(IF(O52="✓","Mã tra cứu|","")&IF(P52="✓","MST người bán|","")&IF(Q52="✓","MST người mua|","")&IF(R52="✓","Mẫu số / Ký hiệu|","")&IF(S52="✓","Số HĐ|","")&IF(T52="✓","Ngày lập|","")&IF(U52="✓","Tổng tiền|","")&IF(V52="✓","Mã CQT|","")&IF(W52="✓","Upload XML|","")&IF(X52="✓","Captcha ảnh|","")&IF(Y52="✓","Captcha dạng tích|","")&IF(Z52="✓","Captcha khác (slider/hình)|","")&IF(AA52="✓","Đăng nhập|","")&IF(AB52="✓","Email/SĐT/OTP|",""))-1),"|"," + "))) -> Mã tra cứu + MST người bán | N52: OK | O52: ✓ | P52: ✓ | AC52: 2 | AD52: không có | AE52: Cùng trang: form 'Chọn file' upload .zip/.xml; nút 'Download File XML' tải XML theo MST + số bảo mật | AF52: Form thường (WordPress): MST đơn vị bán + Số bảo mật. | AG52: https://hoadondientu-ptp.vn/tra-cuu/ | AJ52: =IFERROR(IF(INDEX('WBS2'!$I$2:$I$25,MATCH($C52,'WBS2'!$F$2:$F$25,0))="","",INDEX('WBS2'!$I$2:$I$25,MATCH($C52,'WBS2'!$F$2:$F$25,0))),"") | AK52: =IFERROR(IF(INDEX('WBS2'!$I$27:$I$162,MATCH($C52,'WBS2'!$F$27:$F$162,0))="","",INDEX('WBS2'!$I$27:$I$162,MATCH($C52,'WBS2'!$F$27:$F$162,0))),"") -> Sẵn sàng | AL52: =IFERROR(IF(OR($AK52="Chưa hoàn thành",$AK52="Sẵn sàng"),INDEX('WBS2'!$H$27:$H$162,MATCH($C52,'WBS2'!$F$27:$F$162,0)),""),"") -> 46356 | AM52: =IFERROR(IF(INDEX('WBS2'!$J$27:$J$162,MATCH($C52,'WBS2'!$F$27:$F$162,0))="","",INDEX('WBS2'!$J$27:$J$162,MATCH($C52,'WBS2'!$F$27:$F$162,0))),"") -> ptp – MST bán + số bảo mật | AN52: =IFERROR(IF(INDEX('WBS2'!$I$163:$I$298,MATCH($C52,'WBS2'!$F$163:$F$298,0))="","",INDEX('WBS2'!$I$163:$I$298,MATCH($C52,'WBS2'!$F$163:$F$298,0))),"") -> Sẵn sàng | AO52: =IFERROR(IF(OR($AN52="Chưa hoàn thành",$AN52="Sẵn sàng"),INDEX('WBS2'!$H$163:$H$298,MATCH($C52,'WBS2'!$F$163:$F$298,0)),""),"") -> 46356 | AP52: =IFERROR(IF(INDEX('WBS2'!$J$163:$J$298,MATCH($C52,'WBS2'!$F$163:$F$298,0))="","",INDEX('WBS2'!$J$163:$J$298,MATCH($C52,'WBS2'!$F$163:$F$298,0))),"")
A53: 52 | B53: Công ty TNHH Tuần Châu | C53: 0400462489 | D53: K484/34-36 Trần Cao Vân, Phường Xuân Hà, Quận Thanh Khê, Thành phố Đà Nẵng | E53: http://e-invoicetuanchau.com | F53: Không có captcha | G53: https://e-invoicetuanchau.com/Tra-cuu | H53: =IF(N53<>"OK","",IF(IF(O53="✓","Mã tra cứu|","")&IF(P53="✓","MST người bán|","")&IF(Q53="✓","MST người mua|","")&IF(R53="✓","Mẫu số / Ký hiệu|","")&IF(S53="✓","Số HĐ|","")&IF(T53="✓","Ngày lập|","")&IF(U53="✓","Tổng tiền|","")&IF(V53="✓","Mã CQT|","")&IF(W53="✓","Upload XML|","")&IF(X53="✓","Captcha ảnh|","")&IF(Y53="✓","Captcha dạng tích|","")&IF(Z53="✓","Captcha khác (slider/hình)|","")&IF(AA53="✓","Đăng nhập|","")&IF(AB53="✓","Email/SĐT/OTP|","")="","(không có tham số)",SUBSTITUTE(LEFT(IF(O53="✓","Mã tra cứu|","")&IF(P53="✓","MST người bán|","")&IF(Q53="✓","MST người mua|","")&IF(R53="✓","Mẫu số / Ký hiệu|","")&IF(S53="✓","Số HĐ|","")&IF(T53="✓","Ngày lập|","")&IF(U53="✓","Tổng tiền|","")&IF(V53="✓","Mã CQT|","")&IF(W53="✓","Upload XML|","")&IF(X53="✓","Captcha ảnh|","")&IF(Y53="✓","Captcha dạng tích|","")&IF(Z53="✓","Captcha khác (slider/hình)|","")&IF(AA53="✓","Đăng nhập|","")&IF(AB53="✓","Email/SĐT/OTP|",""),LEN(IF(O53="✓","Mã tra cứu|","")&IF(P53="✓","MST người bán|","")&IF(Q53="✓","MST người mua|","")&IF(R53="✓","Mẫu số / Ký hiệu|","")&IF(S53="✓","Số HĐ|","")&IF(T53="✓","Ngày lập|","")&IF(U53="✓","Tổng tiền|","")&IF(V53="✓","Mã CQT|","")&IF(W53="✓","Upload XML|","")&IF(X53="✓","Captcha ảnh|","")&IF(Y53="✓","Captcha dạng tích|","")&IF(Z53="✓","Captcha khác (slider/hình)|","")&IF(AA53="✓","Đăng nhập|","")&IF(AB53="✓","Email/SĐT/OTP|",""))-1),"|"," + "))) -> Mã tra cứu | N53: OK | O53: ✓ | AC53: 1 | AD53: không có | AE53: Dropdown loại: 'Mã số thuế' (nhập MST, kiểm tra serial), 'Token sử dụng Vsign', 'Cty bỏ trốn' (không dùng để tra 1 HĐ) | AF53: ASP.NET PageMethods, nền tảng Acc2k (giống hoadonminhthuvungtau.com). 1 ô 'Mã hóa đơn hoặc mst' + dropdown mặc định 'Mã hóa đơn'. | AG53: https://e-invoicetuanchau.com/Tra-cuu | AJ53: =IFERROR(IF(INDEX('WBS2'!$I$2:$I$25,MATCH($C53,'WBS2'!$F$2:$F$25,0))="","",INDEX('WBS2'!$I$2:$I$25,MATCH($C53,'WBS2'!$F$2:$F$25,0))),"") | AK53: =IFERROR(IF(INDEX('WBS2'!$I$27:$I$162,MATCH($C53,'WBS2'!$F$27:$F$162,0))="","",INDEX('WBS2'!$I$27:$I$162,MATCH($C53,'WBS2'!$F$27:$F$162,0))),"") -> Sẵn sàng | AL53: =IFERROR(IF(OR($AK53="Chưa hoàn thành",$AK53="Sẵn sàng"),INDEX('WBS2'!$H$27:$H$162,MATCH($C53,'WBS2'!$F$27:$F$162,0)),""),"") -> 46356 | AM53: =IFERROR(IF(INDEX('WBS2'!$J$27:$J$162,MATCH($C53,'WBS2'!$F$27:$F$162,0))="","",INDEX('WBS2'!$J$27:$J$162,MATCH($C53,'WBS2'!$F$27:$F$162,0))),"") -> tuanchau – phần mềm Vĩnh Hy, không captcha | AN53: =IFERROR(IF(INDEX('WBS2'!$I$163:$I$298,MATCH($C53,'WBS2'!$F$163:$F$298,0))="","",INDEX('WBS2'!$I$163:$I$298,MATCH($C53,'WBS2'!$F$163:$F$298,0))),"") -> Sẵn sàng | AO53: =IFERROR(IF(OR($AN53="Chưa hoàn thành",$AN53="Sẵn sàng"),INDEX('WBS2'!$H$163:$H$298,MATCH($C53,'WBS2'!$F$163:$F$298,0)),""),"") -> 46356 | AP53: =IFERROR(IF(INDEX('WBS2'!$J$163:$J$298,MATCH($C53,'WBS2'!$F$163:$F$298,0))="","",INDEX('WBS2'!$J$163:$J$298,MATCH($C53,'WBS2'!$F$163:$F$298,0))),"")
A54: 53 | B54: Công ty TNHH Minh Thư | C54: 3500456910 | D54: 68 Phan Chu Trinh, Phường 2, Thành phố Vũng Tàu, Tỉnh Bà Rịa - Vũng Tàu | E54: https://hoadonminhthuvungtau.com | F54: Không có captcha | G54: https://hoadonminhthuvungtau.com/Tra-cuu | H54: =IF(N54<>"OK","",IF(IF(O54="✓","Mã tra cứu|","")&IF(P54="✓","MST người bán|","")&IF(Q54="✓","MST người mua|","")&IF(R54="✓","Mẫu số / Ký hiệu|","")&IF(S54="✓","Số HĐ|","")&IF(T54="✓","Ngày lập|","")&IF(U54="✓","Tổng tiền|","")&IF(V54="✓","Mã CQT|","")&IF(W54="✓","Upload XML|","")&IF(X54="✓","Captcha ảnh|","")&IF(Y54="✓","Captcha dạng tích|","")&IF(Z54="✓","Captcha khác (slider/hình)|","")&IF(AA54="✓","Đăng nhập|","")&IF(AB54="✓","Email/SĐT/OTP|","")="","(không có tham số)",SUBSTITUTE(LEFT(IF(O54="✓","Mã tra cứu|","")&IF(P54="✓","MST người bán|","")&IF(Q54="✓","MST người mua|","")&IF(R54="✓","Mẫu số / Ký hiệu|","")&IF(S54="✓","Số HĐ|","")&IF(T54="✓","Ngày lập|","")&IF(U54="✓","Tổng tiền|","")&IF(V54="✓","Mã CQT|","")&IF(W54="✓","Upload XML|","")&IF(X54="✓","Captcha ảnh|","")&IF(Y54="✓","Captcha dạng tích|","")&IF(Z54="✓","Captcha khác (slider/hình)|","")&IF(AA54="✓","Đăng nhập|","")&IF(AB54="✓","Email/SĐT/OTP|",""),LEN(IF(O54="✓","Mã tra cứu|","")&IF(P54="✓","MST người bán|","")&IF(Q54="✓","MST người mua|","")&IF(R54="✓","Mẫu số / Ký hiệu|","")&IF(S54="✓","Số HĐ|","")&IF(T54="✓","Ngày lập|","")&IF(U54="✓","Tổng tiền|","")&IF(V54="✓","Mã CQT|","")&IF(W54="✓","Upload XML|","")&IF(X54="✓","Captcha ảnh|","")&IF(Y54="✓","Captcha dạng tích|","")&IF(Z54="✓","Captcha khác (slider/hình)|","")&IF(AA54="✓","Đăng nhập|","")&IF(AB54="✓","Email/SĐT/OTP|",""))-1),"|"," + "))) -> Mã tra cứu | N54: OK | O54: ✓ | AC54: 1 | AD54: không có | AE54: Dropdown loại: 'Mã số thuế', 'Token sử dụng Vsign', 'Cty bỏ trốn' (không dùng để tra 1 HĐ) | AF54: Cùng nền tảng Acc2k với e-invoicetuanchau.com (row 53). 1 ô 'Mã hóa đơn hoặc mst' + dropdown mặc định 'Mã hóa đơn'. | AG54: https://hoadonminhthuvungtau.com/Tra-cuu | AJ54: =IFERROR(IF(INDEX('WBS2'!$I$2:$I$25,MATCH($C54,'WBS2'!$F$2:$F$25,0))="","",INDEX('WBS2'!$I$2:$I$25,MATCH($C54,'WBS2'!$F$2:$F$25,0))),"") | AK54: =IFERROR(IF(INDEX('WBS2'!$I$27:$I$162,MATCH($C54,'WBS2'!$F$27:$F$162,0))="","",INDEX('WBS2'!$I$27:$I$162,MATCH($C54,'WBS2'!$F$27:$F$162,0))),"") -> Sẵn sàng | AL54: =IFERROR(IF(OR($AK54="Chưa hoàn thành",$AK54="Sẵn sàng"),INDEX('WBS2'!$H$27:$H$162,MATCH($C54,'WBS2'!$F$27:$F$162,0)),""),"") -> 46356 | AM54: =IFERROR(IF(INDEX('WBS2'!$J$27:$J$162,MATCH($C54,'WBS2'!$F$27:$F$162,0))="","",INDEX('WBS2'!$J$27:$J$162,MATCH($C54,'WBS2'!$F$27:$F$162,0))),"") -> minhthu – phần mềm Vĩnh Hy, không captcha | AN54: =IFERROR(IF(INDEX('WBS2'!$I$163:$I$298,MATCH($C54,'WBS2'!$F$163:$F$298,0))="","",INDEX('WBS2'!$I$163:$I$298,MATCH($C54,'WBS2'!$F$163:$F$298,0))),"") -> Sẵn sàng | AO54: =IFERROR(IF(OR($AN54="Chưa hoàn thành",$AN54="Sẵn sàng"),INDEX('WBS2'!$H$163:$H$298,MATCH($C54,'WBS2'!$F$163:$F$298,0)),""),"") -> 46356 | AP54: =IFERROR(IF(INDEX('WBS2'!$J$163:$J$298,MATCH($C54,'WBS2'!$F$163:$F$298,0))="","",INDEX('WBS2'!$J$163:$J$298,MATCH($C54,'WBS2'!$F$163:$F$298,0))),"")
A55: 54 | B55: Công ty Cổ phần phát triển công nghệ ACMAN | C55: 0104908371 | D55: Số nhà 28, ngõ 460, đường Khương Đình, phường Hạ Đình, quận Thanh Xuân, Tp Hà Nội | E55: https://www.acman.vn/hoa-don-dien-tu.html | F55: Không có captcha | G55: https://hoadondientu.acman.vn/tra-cuu/hoa-don.html | H55: =IF(N55<>"OK","",IF(IF(O55="✓","Mã tra cứu|","")&IF(P55="✓","MST người bán|","")&IF(Q55="✓","MST người mua|","")&IF(R55="✓","Mẫu số / Ký hiệu|","")&IF(S55="✓","Số HĐ|","")&IF(T55="✓","Ngày lập|","")&IF(U55="✓","Tổng tiền|","")&IF(V55="✓","Mã CQT|","")&IF(W55="✓","Upload XML|","")&IF(X55="✓","Captcha ảnh|","")&IF(Y55="✓","Captcha dạng tích|","")&IF(Z55="✓","Captcha khác (slider/hình)|","")&IF(AA55="✓","Đăng nhập|","")&IF(AB55="✓","Email/SĐT/OTP|","")="","(không có tham số)",SUBSTITUTE(LEFT(IF(O55="✓","Mã tra cứu|","")&IF(P55="✓","MST người bán|","")&IF(Q55="✓","MST người mua|","")&IF(R55="✓","Mẫu số / Ký hiệu|","")&IF(S55="✓","Số HĐ|","")&IF(T55="✓","Ngày lập|","")&IF(U55="✓","Tổng tiền|","")&IF(V55="✓","Mã CQT|","")&IF(W55="✓","Upload XML|","")&IF(X55="✓","Captcha ảnh|","")&IF(Y55="✓","Captcha dạng tích|","")&IF(Z55="✓","Captcha khác (slider/hình)|","")&IF(AA55="✓","Đăng nhập|","")&IF(AB55="✓","Email/SĐT/OTP|",""),LEN(IF(O55="✓","Mã tra cứu|","")&IF(P55="✓","MST người bán|","")&IF(Q55="✓","MST người mua|","")&IF(R55="✓","Mẫu số / Ký hiệu|","")&IF(S55="✓","Số HĐ|","")&IF(T55="✓","Ngày lập|","")&IF(U55="✓","Tổng tiền|","")&IF(V55="✓","Mã CQT|","")&IF(W55="✓","Upload XML|","")&IF(X55="✓","Captcha ảnh|","")&IF(Y55="✓","Captcha dạng tích|","")&IF(Z55="✓","Captcha khác (slider/hình)|","")&IF(AA55="✓","Đăng nhập|","")&IF(AB55="✓","Email/SĐT/OTP|",""))-1),"|"," + "))) -> Mã tra cứu + MST người bán | N55: OK | O55: ✓ | P55: ✓ | AC55: 2 | AD55: không có | AF55: ASP.NET WebForms. 'Mã số thuế đơn vị phát hành' + 'Mã tra cứu hóa đơn (MST đơn vị nhận)': nhãn gợi ý mã tra cứu chính là MST bên mua. | AG55: https://hoadondientu.acman.vn/tra-cuu/hoa-don.html | AJ55: =IFERROR(IF(INDEX('WBS2'!$I$2:$I$25,MATCH($C55,'WBS2'!$F$2:$F$25,0))="","",INDEX('WBS2'!$I$2:$I$25,MATCH($C55,'WBS2'!$F$2:$F$25,0))),"") | AK55: =IFERROR(IF(INDEX('WBS2'!$I$27:$I$162,MATCH($C55,'WBS2'!$F$27:$F$162,0))="","",INDEX('WBS2'!$I$27:$I$162,MATCH($C55,'WBS2'!$F$27:$F$162,0))),"") -> Sẵn sàng | AL55: =IFERROR(IF(OR($AK55="Chưa hoàn thành",$AK55="Sẵn sàng"),INDEX('WBS2'!$H$27:$H$162,MATCH($C55,'WBS2'!$F$27:$F$162,0)),""),"") -> 46356 | AM55: =IFERROR(IF(INDEX('WBS2'!$J$27:$J$162,MATCH($C55,'WBS2'!$F$27:$F$162,0))="","",INDEX('WBS2'!$J$27:$J$162,MATCH($C55,'WBS2'!$F$27:$F$162,0))),"") -> acman – form WebForms | AN55: =IFERROR(IF(INDEX('WBS2'!$I$163:$I$298,MATCH($C55,'WBS2'!$F$163:$F$298,0))="","",INDEX('WBS2'!$I$163:$I$298,MATCH($C55,'WBS2'!$F$163:$F$298,0))),"") -> Sẵn sàng | AO55: =IFERROR(IF(OR($AN55="Chưa hoàn thành",$AN55="Sẵn sàng"),INDEX('WBS2'!$H$163:$H$298,MATCH($C55,'WBS2'!$F$163:$F$298,0)),""),"") -> 46356 | AP55: =IFERROR(IF(INDEX('WBS2'!$J$163:$J$298,MATCH($C55,'WBS2'!$F$163:$F$298,0))="","",INDEX('WBS2'!$J$163:$J$298,MATCH($C55,'WBS2'!$F$163:$F$298,0))),"")
A56: 55 | B56: Công ty TNHH Tư vấn thương mại Trí Việt Luật | C56: 0315191291 | D56: 435/26 Thống Nhất, phường 11, quận Gò Vấp, Tp Hồ Chí Minh | E56: https://hoadonsovn.net | F56: Không có captcha | G56: hoadonsovn.evat.vn | H56: =IF(N56<>"OK","",IF(IF(O56="✓","Mã tra cứu|","")&IF(P56="✓","MST người bán|","")&IF(Q56="✓","MST người mua|","")&IF(R56="✓","Mẫu số / Ký hiệu|","")&IF(S56="✓","Số HĐ|","")&IF(T56="✓","Ngày lập|","")&IF(U56="✓","Tổng tiền|","")&IF(V56="✓","Mã CQT|","")&IF(W56="✓","Upload XML|","")&IF(X56="✓","Captcha ảnh|","")&IF(Y56="✓","Captcha dạng tích|","")&IF(Z56="✓","Captcha khác (slider/hình)|","")&IF(AA56="✓","Đăng nhập|","")&IF(AB56="✓","Email/SĐT/OTP|","")="","(không có tham số)",SUBSTITUTE(LEFT(IF(O56="✓","Mã tra cứu|","")&IF(P56="✓","MST người bán|","")&IF(Q56="✓","MST người mua|","")&IF(R56="✓","Mẫu số / Ký hiệu|","")&IF(S56="✓","Số HĐ|","")&IF(T56="✓","Ngày lập|","")&IF(U56="✓","Tổng tiền|","")&IF(V56="✓","Mã CQT|","")&IF(W56="✓","Upload XML|","")&IF(X56="✓","Captcha ảnh|","")&IF(Y56="✓","Captcha dạng tích|","")&IF(Z56="✓","Captcha khác (slider/hình)|","")&IF(AA56="✓","Đăng nhập|","")&IF(AB56="✓","Email/SĐT/OTP|",""),LEN(IF(O56="✓","Mã tra cứu|","")&IF(P56="✓","MST người bán|","")&IF(Q56="✓","MST người mua|","")&IF(R56="✓","Mẫu số / Ký hiệu|","")&IF(S56="✓","Số HĐ|","")&IF(T56="✓","Ngày lập|","")&IF(U56="✓","Tổng tiền|","")&IF(V56="✓","Mã CQT|","")&IF(W56="✓","Upload XML|","")&IF(X56="✓","Captcha ảnh|","")&IF(Y56="✓","Captcha dạng tích|","")&IF(Z56="✓","Captcha khác (slider/hình)|","")&IF(AA56="✓","Đăng nhập|","")&IF(AB56="✓","Email/SĐT/OTP|",""))-1),"|"," + "))) -> Mã tra cứu | N56: OK | O56: ✓ | AC56: 1 | AD56: không có widget (recaptcha/api.js có nạp nhưng không render ô nào trên form) | AE56: Nút 'Đăng nhập bằng tài khoản' | AF56: Nền tảng eVAT của Trí Việt Luật (giống tvl.evat.vn, vlc.evat.vn). Form: 'Mã tra cứu' + 'Mã công ty' (cmpn_key; chưa rõ có phải MST bán không). | AG56: https://hoadonsovn.evat.vn/ | AJ56: =IFERROR(IF(INDEX('WBS2'!$I$2:$I$25,MATCH($C56,'WBS2'!$F$2:$F$25,0))="","",INDEX('WBS2'!$I$2:$I$25,MATCH($C56,'WBS2'!$F$2:$F$25,0))),"") | AK56: =IFERROR(IF(INDEX('WBS2'!$I$27:$I$162,MATCH($C56,'WBS2'!$F$27:$F$162,0))="","",INDEX('WBS2'!$I$27:$I$162,MATCH($C56,'WBS2'!$F$27:$F$162,0))),"") -> Sẵn sàng | AL56: =IFERROR(IF(OR($AK56="Chưa hoàn thành",$AK56="Sẵn sàng"),INDEX('WBS2'!$H$27:$H$162,MATCH($C56,'WBS2'!$F$27:$F$162,0)),""),"") -> 46356 | AM56: =IFERROR(IF(INDEX('WBS2'!$J$27:$J$162,MATCH($C56,'WBS2'!$F$27:$F$162,0))="","",INDEX('WBS2'!$J$27:$J$162,MATCH($C56,'WBS2'!$F$27:$F$162,0))),"") -> evat – hoadonsovn.evat.vn, không captcha | AN56: =IFERROR(IF(INDEX('WBS2'!$I$163:$I$298,MATCH($C56,'WBS2'!$F$163:$F$298,0))="","",INDEX('WBS2'!$I$163:$I$298,MATCH($C56,'WBS2'!$F$163:$F$298,0))),"") -> Sẵn sàng | AO56: =IFERROR(IF(OR($AN56="Chưa hoàn thành",$AN56="Sẵn sàng"),INDEX('WBS2'!$H$163:$H$298,MATCH($C56,'WBS2'!$F$163:$F$298,0)),""),"") -> 46356 | AP56: =IFERROR(IF(INDEX('WBS2'!$J$163:$J$298,MATCH($C56,'WBS2'!$F$163:$F$298,0))="","",INDEX('WBS2'!$J$163:$J$298,MATCH($C56,'WBS2'!$F$163:$F$298,0))),"")
A57: 56 | B57: Công ty TNHH Đầu tư Hòn Ngọc Việt | C57: 0313844107 | D57: L26 đường Lê Thị Riêng, khu phố 1, phường Thới An, quận 12, Tp Hồ Chí Minh | E57: http://voice.hoadondientu.net.vn | F57: Không có captcha | G57: http://voice.hoadondientu.net.vn/tra-cuu | H57: =IF(N57<>"OK","",IF(IF(O57="✓","Mã tra cứu|","")&IF(P57="✓","MST người bán|","")&IF(Q57="✓","MST người mua|","")&IF(R57="✓","Mẫu số / Ký hiệu|","")&IF(S57="✓","Số HĐ|","")&IF(T57="✓","Ngày lập|","")&IF(U57="✓","Tổng tiền|","")&IF(V57="✓","Mã CQT|","")&IF(W57="✓","Upload XML|","")&IF(X57="✓","Captcha ảnh|","")&IF(Y57="✓","Captcha dạng tích|","")&IF(Z57="✓","Captcha khác (slider/hình)|","")&IF(AA57="✓","Đăng nhập|","")&IF(AB57="✓","Email/SĐT/OTP|","")="","(không có tham số)",SUBSTITUTE(LEFT(IF(O57="✓","Mã tra cứu|","")&IF(P57="✓","MST người bán|","")&IF(Q57="✓","MST người mua|","")&IF(R57="✓","Mẫu số / Ký hiệu|","")&IF(S57="✓","Số HĐ|","")&IF(T57="✓","Ngày lập|","")&IF(U57="✓","Tổng tiền|","")&IF(V57="✓","Mã CQT|","")&IF(W57="✓","Upload XML|","")&IF(X57="✓","Captcha ảnh|","")&IF(Y57="✓","Captcha dạng tích|","")&IF(Z57="✓","Captcha khác (slider/hình)|","")&IF(AA57="✓","Đăng nhập|","")&IF(AB57="✓","Email/SĐT/OTP|",""),LEN(IF(O57="✓","Mã tra cứu|","")&IF(P57="✓","MST người bán|","")&IF(Q57="✓","MST người mua|","")&IF(R57="✓","Mẫu số / Ký hiệu|","")&IF(S57="✓","Số HĐ|","")&IF(T57="✓","Ngày lập|","")&IF(U57="✓","Tổng tiền|","")&IF(V57="✓","Mã CQT|","")&IF(W57="✓","Upload XML|","")&IF(X57="✓","Captcha ảnh|","")&IF(Y57="✓","Captcha dạng tích|","")&IF(Z57="✓","Captcha khác (slider/hình)|","")&IF(AA57="✓","Đăng nhập|","")&IF(AB57="✓","Email/SĐT/OTP|",""))-1),"|"," + "))) -> Mã tra cứu | N57: OK | O57: ✓ | AC57: 1 | AD57: không có | AE57: Trang chủ: đăng nhập MST + mật khẩu ('xem hóa đơn theo thông tư 32') | AF57: Form GET đơn giản: 'Nhập mã hóa đơn' (keyword). Site cũ (©2007-2018), chỉ có HTTP. | AG57: http://voice.hoadondientu.net.vn/tra-cuu | AJ57: =IFERROR(IF(INDEX('WBS2'!$I$2:$I$25,MATCH($C57,'WBS2'!$F$2:$F$25,0))="","",INDEX('WBS2'!$I$2:$I$25,MATCH($C57,'WBS2'!$F$2:$F$25,0))),"") | AK57: =IFERROR(IF(INDEX('WBS2'!$I$27:$I$162,MATCH($C57,'WBS2'!$F$27:$F$162,0))="","",INDEX('WBS2'!$I$27:$I$162,MATCH($C57,'WBS2'!$F$27:$F$162,0))),"") -> Chưa hoàn thành | AL57: =IFERROR(IF(OR($AK57="Chưa hoàn thành",$AK57="Sẵn sàng"),INDEX('WBS2'!$H$27:$H$162,MATCH($C57,'WBS2'!$F$27:$F$162,0)),""),"") -> 46477 | AM57: =IFERROR(IF(INDEX('WBS2'!$J$27:$J$162,MATCH($C57,'WBS2'!$F$27:$F$162,0))="","",INDEX('WBS2'!$J$27:$J$162,MATCH($C57,'WBS2'!$F$27:$F$162,0))),"") -> Không làm được qua link tra cứu – cổng không có tra cứu HĐ. voice.hoadondientu.net.vn: chỉ ô tìm kiếm tin tức | AN57: =IFERROR(IF(INDEX('WBS2'!$I$163:$I$298,MATCH($C57,'WBS2'!$F$163:$F$298,0))="","",INDEX('WBS2'!$I$163:$I$298,MATCH($C57,'WBS2'!$F$163:$F$298,0))),"") -> Chưa hoàn thành | AO57: =IFERROR(IF(OR($AN57="Chưa hoàn thành",$AN57="Sẵn sàng"),INDEX('WBS2'!$H$163:$H$298,MATCH($C57,'WBS2'!$F$163:$F$298,0)),""),"") -> 46477 | AP57: =IFERROR(IF(INDEX('WBS2'!$J$163:$J$298,MATCH($C57,'WBS2'!$F$163:$F$298,0))="","",INDEX('WBS2'!$J$163:$J$298,MATCH($C57,'WBS2'!$F$163:$F$298,0))),"") -> Chưa có mail/PDF nào của NCC này (kiểm DB 27/10)
A58: 57 | B58: Công ty TNHH Dịch vụ Trí Việt Luật | C58: 0311622035 | D58: 186/76 Vườn Lài, phường Tân Thành, quận Tân Phú, Tp Hồ Chí Minh | E58: http://congtyinhoadon.com | F58: đăng nhập mới xem hóa đơn | G58: https://tvl.evat.vn/ | H58: =IF(N58<>"OK","",IF(IF(O58="✓","Mã tra cứu|","")&IF(P58="✓","MST người bán|","")&IF(Q58="✓","MST người mua|","")&IF(R58="✓","Mẫu số / Ký hiệu|","")&IF(S58="✓","Số HĐ|","")&IF(T58="✓","Ngày lập|","")&IF(U58="✓","Tổng tiền|","")&IF(V58="✓","Mã CQT|","")&IF(W58="✓","Upload XML|","")&IF(X58="✓","Captcha ảnh|","")&IF(Y58="✓","Captcha dạng tích|","")&IF(Z58="✓","Captcha khác (slider/hình)|","")&IF(AA58="✓","Đăng nhập|","")&IF(AB58="✓","Email/SĐT/OTP|","")="","(không có tham số)",SUBSTITUTE(LEFT(IF(O58="✓","Mã tra cứu|","")&IF(P58="✓","MST người bán|","")&IF(Q58="✓","MST người mua|","")&IF(R58="✓","Mẫu số / Ký hiệu|","")&IF(S58="✓","Số HĐ|","")&IF(T58="✓","Ngày lập|","")&IF(U58="✓","Tổng tiền|","")&IF(V58="✓","Mã CQT|","")&IF(W58="✓","Upload XML|","")&IF(X58="✓","Captcha ảnh|","")&IF(Y58="✓","Captcha dạng tích|","")&IF(Z58="✓","Captcha khác (slider/hình)|","")&IF(AA58="✓","Đăng nhập|","")&IF(AB58="✓","Email/SĐT/OTP|",""),LEN(IF(O58="✓","Mã tra cứu|","")&IF(P58="✓","MST người bán|","")&IF(Q58="✓","MST người mua|","")&IF(R58="✓","Mẫu số / Ký hiệu|","")&IF(S58="✓","Số HĐ|","")&IF(T58="✓","Ngày lập|","")&IF(U58="✓","Tổng tiền|","")&IF(V58="✓","Mã CQT|","")&IF(W58="✓","Upload XML|","")&IF(X58="✓","Captcha ảnh|","")&IF(Y58="✓","Captcha dạng tích|","")&IF(Z58="✓","Captcha khác (slider/hình)|","")&IF(AA58="✓","Đăng nhập|","")&IF(AB58="✓","Email/SĐT/OTP|",""))-1),"|"," + "))) -> Mã tra cứu | N58: OK | O58: ✓ | AC58: 1 | AD58: không có widget (recaptcha/api.js có nạp nhưng không render ô nào trên form) | AE58: Nút 'Đăng nhập bằng tài khoản' | AF58: eVAT Trí Việt Luật. Vẫn có form công khai 'Mã tra cứu' + 'Mã công ty'. Bảng nguồn ghi 'đăng nhập mới xem hóa đơn'; chưa kiểm được vì không gửi form. | AG58: https://tvl.evat.vn/ | AJ58: =IFERROR(IF(INDEX('WBS2'!$I$2:$I$25,MATCH($C58,'WBS2'!$F$2:$F$25,0))="","",INDEX('WBS2'!$I$2:$I$25,MATCH($C58,'WBS2'!$F$2:$F$25,0))),"") | AK58: =IFERROR(IF(INDEX('WBS2'!$I$27:$I$162,MATCH($C58,'WBS2'!$F$27:$F$162,0))="","",INDEX('WBS2'!$I$27:$I$162,MATCH($C58,'WBS2'!$F$27:$F$162,0))),"") -> Sẵn sàng | AL58: =IFERROR(IF(OR($AK58="Chưa hoàn thành",$AK58="Sẵn sàng"),INDEX('WBS2'!$H$27:$H$162,MATCH($C58,'WBS2'!$F$27:$F$162,0)),""),"") -> 46356 | AM58: =IFERROR(IF(INDEX('WBS2'!$J$27:$J$162,MATCH($C58,'WBS2'!$F$27:$F$162,0))="","",INDEX('WBS2'!$J$27:$J$162,MATCH($C58,'WBS2'!$F$27:$F$162,0))),"") -> evat – tvl.evat.vn, không captcha (không cần đăng nhập) | AN58: =IFERROR(IF(INDEX('WBS2'!$I$163:$I$298,MATCH($C58,'WBS2'!$F$163:$F$298,0))="","",INDEX('WBS2'!$I$163:$I$298,MATCH($C58,'WBS2'!$F$163:$F$298,0))),"") -> Sẵn sàng | AO58: =IFERROR(IF(OR($AN58="Chưa hoàn thành",$AN58="Sẵn sàng"),INDEX('WBS2'!$H$163:$H$298,MATCH($C58,'WBS2'!$F$163:$F$298,0)),""),"") -> 46356 | AP58: =IFERROR(IF(INDEX('WBS2'!$J$163:$J$298,MATCH($C58,'WBS2'!$F$163:$F$298,0))="","",INDEX('WBS2'!$J$163:$J$298,MATCH($C58,'WBS2'!$F$163:$F$298,0))),"")
A59: 58 | B59: Công ty Cổ phần truyền số liệu Việt Nam | C59: 0106361479 | D59: Tầng 12 tòa nhà Việt Á, số 9 Duy Tân, phường Dịch Vọng Hậu, quận Cầu Giấy, Tp Hà Nội | E59: https://ahoadon.com | F59: site đã đổi chủ (redirect sang trang cờ bạc) | H59: =IF(N59<>"OK","",IF(IF(O59="✓","Mã tra cứu|","")&IF(P59="✓","MST người bán|","")&IF(Q59="✓","MST người mua|","")&IF(R59="✓","Mẫu số / Ký hiệu|","")&IF(S59="✓","Số HĐ|","")&IF(T59="✓","Ngày lập|","")&IF(U59="✓","Tổng tiền|","")&IF(V59="✓","Mã CQT|","")&IF(W59="✓","Upload XML|","")&IF(X59="✓","Captcha ảnh|","")&IF(Y59="✓","Captcha dạng tích|","")&IF(Z59="✓","Captcha khác (slider/hình)|","")&IF(AA59="✓","Đăng nhập|","")&IF(AB59="✓","Email/SĐT/OTP|","")="","(không có tham số)",SUBSTITUTE(LEFT(IF(O59="✓","Mã tra cứu|","")&IF(P59="✓","MST người bán|","")&IF(Q59="✓","MST người mua|","")&IF(R59="✓","Mẫu số / Ký hiệu|","")&IF(S59="✓","Số HĐ|","")&IF(T59="✓","Ngày lập|","")&IF(U59="✓","Tổng tiền|","")&IF(V59="✓","Mã CQT|","")&IF(W59="✓","Upload XML|","")&IF(X59="✓","Captcha ảnh|","")&IF(Y59="✓","Captcha dạng tích|","")&IF(Z59="✓","Captcha khác (slider/hình)|","")&IF(AA59="✓","Đăng nhập|","")&IF(AB59="✓","Email/SĐT/OTP|",""),LEN(IF(O59="✓","Mã tra cứu|","")&IF(P59="✓","MST người bán|","")&IF(Q59="✓","MST người mua|","")&IF(R59="✓","Mẫu số / Ký hiệu|","")&IF(S59="✓","Số HĐ|","")&IF(T59="✓","Ngày lập|","")&IF(U59="✓","Tổng tiền|","")&IF(V59="✓","Mã CQT|","")&IF(W59="✓","Upload XML|","")&IF(X59="✓","Captcha ảnh|","")&IF(Y59="✓","Captcha dạng tích|","")&IF(Z59="✓","Captcha khác (slider/hình)|","")&IF(AA59="✓","Đăng nhập|","")&IF(AB59="✓","Email/SĐT/OTP|",""))-1),"|"," + "))) | AJ59: =IFERROR(IF(INDEX('WBS2'!$I$2:$I$25,MATCH($C59,'WBS2'!$F$2:$F$25,0))="","",INDEX('WBS2'!$I$2:$I$25,MATCH($C59,'WBS2'!$F$2:$F$25,0))),"") | AK59: =IFERROR(IF(INDEX('WBS2'!$I$27:$I$162,MATCH($C59,'WBS2'!$F$27:$F$162,0))="","",INDEX('WBS2'!$I$27:$I$162,MATCH($C59,'WBS2'!$F$27:$F$162,0))),"") -> Chưa hoàn thành | AL59: =IFERROR(IF(OR($AK59="Chưa hoàn thành",$AK59="Sẵn sàng"),INDEX('WBS2'!$H$27:$H$162,MATCH($C59,'WBS2'!$F$27:$F$162,0)),""),"") -> 46477 | AM59: =IFERROR(IF(INDEX('WBS2'!$J$27:$J$162,MATCH($C59,'WBS2'!$F$27:$F$162,0))="","",INDEX('WBS2'!$J$27:$J$162,MATCH($C59,'WBS2'!$F$27:$F$162,0))),"") -> Chưa có thông tin | AN59: =IFERROR(IF(INDEX('WBS2'!$I$163:$I$298,MATCH($C59,'WBS2'!$F$163:$F$298,0))="","",INDEX('WBS2'!$I$163:$I$298,MATCH($C59,'WBS2'!$F$163:$F$298,0))),"") -> Chưa hoàn thành | AO59: =IFERROR(IF(OR($AN59="Chưa hoàn thành",$AN59="Sẵn sàng"),INDEX('WBS2'!$H$163:$H$298,MATCH($C59,'WBS2'!$F$163:$F$298,0)),""),"") -> 46477 | AP59: =IFERROR(IF(INDEX('WBS2'!$J$163:$J$298,MATCH($C59,'WBS2'!$F$163:$F$298,0))="","",INDEX('WBS2'!$J$163:$J$298,MATCH($C59,'WBS2'!$F$163:$F$298,0))),"") -> Chưa có thông tin
